<xml xmlns:o="urn:schemas-microsoft-com:office:office">
 <o:MainFile HRef="../ODvSKM.htm"/>
 <o:File HRef="image001.wmz"/>
 <o:File HRef="image002.gif"/>
 <o:File HRef="oledata.mso"/>
 <o:File HRef="image003.wmz"/>
 <o:File HRef="image004.gif"/>
 <o:File HRef="image005.wmz"/>
 <o:File HRef="image006.gif"/>
 <o:File HRef="image007.wmz"/>
 <o:File HRef="image008.gif"/>
 <o:File HRef="image009.jpg"/>
 <o:File HRef="image010.jpg"/>
 <o:File HRef="image011.wmz"/>
 <o:File HRef="image012.gif"/>
 <o:File HRef="image013.wmz"/>
 <o:File HRef="image014.gif"/>
 <o:File HRef="image015.wmz"/>
 <o:File HRef="image016.gif"/>
 <o:File HRef="image017.wmz"/>
 <o:File HRef="image018.gif"/>
 <o:File HRef="image019.wmz"/>
 <o:File HRef="image020.gif"/>
 <o:File HRef="image021.wmz"/>
 <o:File HRef="image022.gif"/>
 <o:File HRef="image023.wmz"/>
 <o:File HRef="image024.gif"/>
 <o:File HRef="image025.wmz"/>
 <o:File HRef="image026.gif"/>
 <o:File HRef="image027.wmz"/>
 <o:File HRef="image028.gif"/>
 <o:File HRef="image029.wmz"/>
 <o:File HRef="image030.gif"/>
 <o:File HRef="image031.wmz"/>
 <o:File HRef="image032.gif"/>
 <o:File HRef="image033.wmz"/>
 <o:File HRef="image034.gif"/>
 <o:File HRef="image035.wmz"/>
 <o:File HRef="image036.gif"/>
 <o:File HRef="image037.wmz"/>
 <o:File HRef="image038.gif"/>
 <o:File HRef="image039.wmz"/>
 <o:File HRef="image040.gif"/>
 <o:File HRef="image041.wmz"/>
 <o:File HRef="image042.gif"/>
 <o:File HRef="image043.wmz"/>
 <o:File HRef="image044.gif"/>
 <o:File HRef="image045.wmz"/>
 <o:File HRef="image046.gif"/>
 <o:File HRef="image047.wmz"/>
 <o:File HRef="image048.gif"/>
 <o:File HRef="image049.wmz"/>
 <o:File HRef="image050.gif"/>
 <o:File HRef="image051.wmz"/>
 <o:File HRef="image052.gif"/>
 <o:File HRef="image053.wmz"/>
 <o:File HRef="image054.gif"/>
 <o:File HRef="image055.wmz"/>
 <o:File HRef="image056.gif"/>
 <o:File HRef="image057.wmz"/>
 <o:File HRef="image058.gif"/>
 <o:File HRef="image059.wmz"/>
 <o:File HRef="image060.gif"/>
 <o:File HRef="image061.wmz"/>
 <o:File HRef="image062.gif"/>
 <o:File HRef="image063.wmz"/>
 <o:File HRef="image064.gif"/>
 <o:File HRef="image065.wmz"/>
 <o:File HRef="image066.gif"/>
 <o:File HRef="image067.wmz"/>
 <o:File HRef="image068.gif"/>
 <o:File HRef="image069.wmz"/>
 <o:File HRef="image070.wmz"/>
 <o:File HRef="image071.gif"/>
 <o:File HRef="image072.wmz"/>
 <o:File HRef="image073.gif"/>
 <o:File HRef="image074.wmz"/>
 <o:File HRef="image075.gif"/>
 <o:File HRef="image076.wmz"/>
 <o:File HRef="image077.gif"/>
 <o:File HRef="image078.wmz"/>
 <o:File HRef="image079.gif"/>
 <o:File HRef="image080.wmz"/>
 <o:File HRef="image081.gif"/>
 <o:File HRef="image082.wmz"/>
 <o:File HRef="image083.gif"/>
 <o:File HRef="image084.wmz"/>
 <o:File HRef="image085.gif"/>
 <o:File HRef="image086.wmz"/>
 <o:File HRef="image087.gif"/>
 <o:File HRef="image088.wmz"/>
 <o:File HRef="image089.gif"/>
 <o:File HRef="image090.wmz"/>
 <o:File HRef="image091.gif"/>
 <o:File HRef="image092.wmz"/>
 <o:File HRef="image093.gif"/>
 <o:File HRef="image094.wmz"/>
 <o:File HRef="image095.gif"/>
 <o:File HRef="image096.wmz"/>
 <o:File HRef="image097.gif"/>
 <o:File HRef="image098.wmz"/>
 <o:File HRef="image099.gif"/>
 <o:File HRef="image100.wmz"/>
 <o:File HRef="image101.gif"/>
 <o:File HRef="image102.png"/>
 <o:File HRef="image103.jpg"/>
 <o:File HRef="image104.wmz"/>
 <o:File HRef="image105.gif"/>
 <o:File HRef="image106.wmz"/>
 <o:File HRef="image107.gif"/>
 <o:File HRef="image108.wmz"/>
 <o:File HRef="image109.gif"/>
 <o:File HRef="image110.wmz"/>
 <o:File HRef="image111.gif"/>
 <o:File HRef="image112.wmz"/>
 <o:File HRef="image113.gif"/>
 <o:File HRef="image114.wmz"/>
 <o:File HRef="image115.gif"/>
 <o:File HRef="image116.wmz"/>
 <o:File HRef="image117.gif"/>
 <o:File HRef="image118.wmz"/>
 <o:File HRef="image119.wmz"/>
 <o:File HRef="image120.gif"/>
 <o:File HRef="image121.wmz"/>
 <o:File HRef="image122.gif"/>
 <o:File HRef="image123.wmz"/>
 <o:File HRef="image124.gif"/>
 <o:File HRef="image125.wmz"/>
 <o:File HRef="image126.gif"/>
 <o:File HRef="image127.wmz"/>
 <o:File HRef="image128.gif"/>
 <o:File HRef="image129.wmz"/>
 <o:File HRef="image130.gif"/>
 <o:File HRef="image131.wmz"/>
 <o:File HRef="image132.gif"/>
 <o:File HRef="image133.wmz"/>
 <o:File HRef="image134.gif"/>
 <o:File HRef="image135.wmz"/>
 <o:File HRef="image136.gif"/>
 <o:File HRef="image137.wmz"/>
 <o:File HRef="image138.gif"/>
 <o:File HRef="image139.wmz"/>
 <o:File HRef="image140.gif"/>
 <o:File HRef="image141.wmz"/>
 <o:File HRef="image142.gif"/>
 <o:File HRef="image143.wmz"/>
 <o:File HRef="image144.gif"/>
 <o:File HRef="image145.wmz"/>
 <o:File HRef="image146.gif"/>
 <o:File HRef="image147.wmz"/>
 <o:File HRef="image148.gif"/>
 <o:File HRef="image149.png"/>
 <o:File HRef="image150.jpg"/>
 <o:File HRef="image151.wmz"/>
 <o:File HRef="image152.wmz"/>
 <o:File HRef="image153.gif"/>
 <o:File HRef="image154.wmz"/>
 <o:File HRef="image155.gif"/>
 <o:File HRef="image156.wmz"/>
 <o:File HRef="image157.gif"/>
 <o:File HRef="image158.wmz"/>
 <o:File HRef="image159.gif"/>
 <o:File HRef="image160.wmz"/>
 <o:File HRef="image161.gif"/>
 <o:File HRef="image162.png"/>
 <o:File HRef="image163.jpg"/>
 <o:File HRef="image164.png"/>
 <o:File HRef="image165.jpg"/>
 <o:File HRef="image166.wmz"/>
 <o:File HRef="image167.gif"/>
 <o:File HRef="image168.wmz"/>
 <o:File HRef="image169.wmz"/>
 <o:File HRef="image170.gif"/>
 <o:File HRef="image171.wmz"/>
 <o:File HRef="image172.gif"/>
 <o:File HRef="image173.wmz"/>
 <o:File HRef="image174.gif"/>
 <o:File HRef="image175.wmz"/>
 <o:File HRef="image176.gif"/>
 <o:File HRef="image177.wmz"/>
 <o:File HRef="image178.gif"/>
 <o:File HRef="image179.wmz"/>
 <o:File HRef="image180.wmz"/>
 <o:File HRef="image181.wmz"/>
 <o:File HRef="image182.gif"/>
 <o:File HRef="image183.wmz"/>
 <o:File HRef="image184.gif"/>
 <o:File HRef="image185.wmz"/>
 <o:File HRef="image186.gif"/>
 <o:File HRef="image187.wmz"/>
 <o:File HRef="image188.gif"/>
 <o:File HRef="image189.wmz"/>
 <o:File HRef="image190.gif"/>
 <o:File HRef="image191.wmz"/>
 <o:File HRef="image192.gif"/>
 <o:File HRef="image193.wmz"/>
 <o:File HRef="image194.gif"/>
 <o:File HRef="image195.wmz"/>
 <o:File HRef="image196.gif"/>
 <o:File HRef="image197.wmz"/>
 <o:File HRef="image198.gif"/>
 <o:File HRef="image199.wmz"/>
 <o:File HRef="image200.gif"/>
 <o:File HRef="image201.wmz"/>
 <o:File HRef="image202.wmz"/>
 <o:File HRef="image203.gif"/>
 <o:File HRef="image204.wmz"/>
 <o:File HRef="image205.gif"/>
 <o:File HRef="image206.wmz"/>
 <o:File HRef="image207.gif"/>
 <o:File HRef="image208.wmz"/>
 <o:File HRef="image209.gif"/>
 <o:File HRef="image210.wmz"/>
 <o:File HRef="image211.gif"/>
 <o:File HRef="image212.wmz"/>
 <o:File HRef="image213.gif"/>
 <o:File HRef="image214.wmz"/>
 <o:File HRef="image215.gif"/>
 <o:File HRef="image216.wmz"/>
 <o:File HRef="image217.gif"/>
 <o:File HRef="image218.wmz"/>
 <o:File HRef="image219.gif"/>
 <o:File HRef="image220.wmz"/>
 <o:File HRef="image221.gif"/>
 <o:File HRef="image222.wmz"/>
 <o:File HRef="image223.gif"/>
 <o:File HRef="image224.wmz"/>
 <o:File HRef="image225.gif"/>
 <o:File HRef="image226.wmz"/>
 <o:File HRef="image227.wmz"/>
 <o:File HRef="image228.gif"/>
 <o:File HRef="image229.wmz"/>
 <o:File HRef="image230.gif"/>
 <o:File HRef="image231.wmz"/>
 <o:File HRef="image232.wmz"/>
 <o:File HRef="image233.gif"/>
 <o:File HRef="image234.wmz"/>
 <o:File HRef="image235.gif"/>
 <o:File HRef="image236.wmz"/>
 <o:File HRef="image237.gif"/>
 <o:File HRef="image238.wmz"/>
 <o:File HRef="image239.gif"/>
 <o:File HRef="image240.wmz"/>
 <o:File HRef="image241.gif"/>
 <o:File HRef="image242.wmz"/>
 <o:File HRef="image243.gif"/>
 <o:File HRef="image244.wmz"/>
 <o:File HRef="image245.gif"/>
 <o:File HRef="image246.wmz"/>
 <o:File HRef="image247.gif"/>
 <o:File HRef="image248.wmz"/>
 <o:File HRef="image249.wmz"/>
 <o:File HRef="image250.gif"/>
 <o:File HRef="image251.wmz"/>
 <o:File HRef="image252.gif"/>
 <o:File HRef="image253.wmz"/>
 <o:File HRef="image254.gif"/>
 <o:File HRef="image255.wmz"/>
 <o:File HRef="image256.gif"/>
 <o:File HRef="image257.wmz"/>
 <o:File HRef="image258.wmz"/>
 <o:File HRef="image259.wmz"/>
 <o:File HRef="image260.gif"/>
 <o:File HRef="image261.wmz"/>
 <o:File HRef="image262.wmz"/>
 <o:File HRef="image263.gif"/>
 <o:File HRef="image264.wmz"/>
 <o:File HRef="image265.gif"/>
 <o:File HRef="image266.wmz"/>
 <o:File HRef="image267.gif"/>
 <o:File HRef="image268.wmz"/>
 <o:File HRef="image269.gif"/>
 <o:File HRef="image270.wmz"/>
 <o:File HRef="image271.gif"/>
 <o:File HRef="image272.wmz"/>
 <o:File HRef="image273.gif"/>
 <o:File HRef="image274.wmz"/>
 <o:File HRef="image275.gif"/>
 <o:File HRef="image276.wmz"/>
 <o:File HRef="image277.gif"/>
 <o:File HRef="image278.wmz"/>
 <o:File HRef="image279.gif"/>
 <o:File HRef="image280.wmz"/>
 <o:File HRef="image281.wmz"/>
 <o:File HRef="image282.gif"/>
 <o:File HRef="image283.wmz"/>
 <o:File HRef="image284.gif"/>
 <o:File HRef="image285.wmz"/>
 <o:File HRef="image286.gif"/>
 <o:File HRef="image287.wmz"/>
 <o:File HRef="image288.gif"/>
 <o:File HRef="image289.wmz"/>
 <o:File HRef="image290.gif"/>
 <o:File HRef="image291.wmz"/>
 <o:File HRef="image292.gif"/>
 <o:File HRef="image293.wmz"/>
 <o:File HRef="image294.wmz"/>
 <o:File HRef="image295.wmz"/>
 <o:File HRef="image296.wmz"/>
 <o:File HRef="image297.gif"/>
 <o:File HRef="image298.wmz"/>
 <o:File HRef="image299.gif"/>
 <o:File HRef="image300.wmz"/>
 <o:File HRef="image301.wmz"/>
 <o:File HRef="image302.wmz"/>
 <o:File HRef="image303.wmz"/>
 <o:File HRef="image304.wmz"/>
 <o:File HRef="image305.wmz"/>
 <o:File HRef="image306.wmz"/>
 <o:File HRef="image307.wmz"/>
 <o:File HRef="image308.wmz"/>
 <o:File HRef="image309.wmz"/>
 <o:File HRef="image310.wmz"/>
 <o:File HRef="image311.gif"/>
 <o:File HRef="image312.wmz"/>
 <o:File HRef="image313.gif"/>
 <o:File HRef="image314.wmz"/>
 <o:File HRef="image315.gif"/>
 <o:File HRef="image316.wmz"/>
 <o:File HRef="image317.wmz"/>
 <o:File HRef="image318.gif"/>
 <o:File HRef="image319.wmz"/>
 <o:File HRef="image320.gif"/>
 <o:File HRef="image321.wmz"/>
 <o:File HRef="image322.gif"/>
 <o:File HRef="image323.wmz"/>
 <o:File HRef="image324.gif"/>
 <o:File HRef="image325.wmz"/>
 <o:File HRef="image326.gif"/>
 <o:File HRef="image327.wmz"/>
 <o:File HRef="image328.gif"/>
 <o:File HRef="image329.wmz"/>
 <o:File HRef="image330.wmz"/>
 <o:File HRef="image331.wmz"/>
 <o:File HRef="image332.wmz"/>
 <o:File HRef="image333.wmz"/>
 <o:File HRef="image334.wmz"/>
 <o:File HRef="image335.wmz"/>
 <o:File HRef="image336.wmz"/>
 <o:File HRef="image337.gif"/>
 <o:File HRef="image338.wmz"/>
 <o:File HRef="image339.wmz"/>
 <o:File HRef="image340.gif"/>
 <o:File HRef="image341.wmz"/>
 <o:File HRef="image342.wmz"/>
 <o:File HRef="image343.wmz"/>
 <o:File HRef="image344.wmz"/>
 <o:File HRef="image345.gif"/>
 <o:File HRef="image346.wmz"/>
 <o:File HRef="image347.gif"/>
 <o:File HRef="image348.wmz"/>
 <o:File HRef="image349.wmz"/>
 <o:File HRef="image350.gif"/>
 <o:File HRef="image351.wmz"/>
 <o:File HRef="image352.gif"/>
 <o:File HRef="image353.wmz"/>
 <o:File HRef="image354.wmz"/>
 <o:File HRef="image355.wmz"/>
 <o:File HRef="image356.wmz"/>
 <o:File HRef="image357.wmz"/>
 <o:File HRef="image358.gif"/>
 <o:File HRef="image359.wmz"/>
 <o:File HRef="image360.gif"/>
 <o:File HRef="image361.wmz"/>
 <o:File HRef="image362.gif"/>
 <o:File HRef="image363.wmz"/>
 <o:File HRef="image364.gif"/>
 <o:File HRef="image365.wmz"/>
 <o:File HRef="image366.wmz"/>
 <o:File HRef="image367.gif"/>
 <o:File HRef="image368.wmz"/>
 <o:File HRef="image369.gif"/>
 <o:File HRef="image370.wmz"/>
 <o:File HRef="image371.wmz"/>
 <o:File HRef="image372.wmz"/>
 <o:File HRef="image373.wmz"/>
 <o:File HRef="image374.wmz"/>
 <o:File HRef="image375.wmz"/>
 <o:File HRef="image376.gif"/>
 <o:File HRef="image377.wmz"/>
 <o:File HRef="image378.gif"/>
 <o:File HRef="image379.wmz"/>
 <o:File HRef="image380.gif"/>
 <o:File HRef="image381.wmz"/>
 <o:File HRef="image382.gif"/>
 <o:File HRef="image383.wmz"/>
 <o:File HRef="image384.gif"/>
 <o:File HRef="image385.wmz"/>
 <o:File HRef="image386.gif"/>
 <o:File HRef="image387.wmz"/>
 <o:File HRef="image388.gif"/>
 <o:File HRef="image389.wmz"/>
 <o:File HRef="image390.gif"/>
 <o:File HRef="image391.wmz"/>
 <o:File HRef="image392.gif"/>
 <o:File HRef="image393.wmz"/>
 <o:File HRef="image394.gif"/>
 <o:File HRef="image395.wmz"/>
 <o:File HRef="image396.gif"/>
 <o:File HRef="image397.wmz"/>
 <o:File HRef="image398.gif"/>
 <o:File HRef="image399.wmz"/>
 <o:File HRef="image400.gif"/>
 <o:File HRef="image401.wmz"/>
 <o:File HRef="image402.gif"/>
 <o:File HRef="image403.wmz"/>
 <o:File HRef="image404.gif"/>
 <o:File HRef="image405.wmz"/>
 <o:File HRef="image406.gif"/>
 <o:File HRef="image407.wmz"/>
 <o:File HRef="image408.gif"/>
 <o:File HRef="image409.wmz"/>
 <o:File HRef="image410.wmz"/>
 <o:File HRef="image411.gif"/>
 <o:File HRef="image412.wmz"/>
 <o:File HRef="image413.wmz"/>
 <o:File HRef="image414.gif"/>
 <o:File HRef="image415.wmz"/>
 <o:File HRef="image416.gif"/>
 <o:File HRef="image417.wmz"/>
 <o:File HRef="image418.gif"/>
 <o:File HRef="image419.wmz"/>
 <o:File HRef="image420.gif"/>
 <o:File HRef="image421.wmz"/>
 <o:File HRef="image422.gif"/>
 <o:File HRef="image423.wmz"/>
 <o:File HRef="image424.gif"/>
 <o:File HRef="image425.wmz"/>
 <o:File HRef="image426.wmz"/>
 <o:File HRef="image427.gif"/>
 <o:File HRef="image428.wmz"/>
 <o:File HRef="image429.gif"/>
 <o:File HRef="image430.wmz"/>
 <o:File HRef="image431.gif"/>
 <o:File HRef="image432.wmz"/>
 <o:File HRef="image433.gif"/>
 <o:File HRef="image434.wmz"/>
 <o:File HRef="image435.wmz"/>
 <o:File HRef="image436.gif"/>
 <o:File HRef="image437.wmz"/>
 <o:File HRef="image438.gif"/>
 <o:File HRef="image439.wmz"/>
 <o:File HRef="image440.gif"/>
 <o:File HRef="image441.wmz"/>
 <o:File HRef="image442.gif"/>
 <o:File HRef="image443.wmz"/>
 <o:File HRef="image444.gif"/>
 <o:File HRef="image445.wmz"/>
 <o:File HRef="image446.gif"/>
 <o:File HRef="image447.wmz"/>
 <o:File HRef="image448.gif"/>
 <o:File HRef="image449.wmz"/>
 <o:File HRef="image450.wmz"/>
 <o:File HRef="image451.wmz"/>
 <o:File HRef="image452.gif"/>
 <o:File HRef="image453.wmz"/>
 <o:File HRef="image454.wmz"/>
 <o:File HRef="image455.wmz"/>
 <o:File HRef="image456.gif"/>
 <o:File HRef="image457.wmz"/>
 <o:File HRef="image458.gif"/>
 <o:File HRef="image459.wmz"/>
 <o:File HRef="image460.gif"/>
 <o:File HRef="image461.wmz"/>
 <o:File HRef="image462.wmz"/>
 <o:File HRef="image463.wmz"/>
 <o:File HRef="image464.wmz"/>
 <o:File HRef="image465.wmz"/>
 <o:File HRef="image466.wmz"/>
 <o:File HRef="image467.wmz"/>
 <o:File HRef="image468.wmz"/>
 <o:File HRef="image469.wmz"/>
 <o:File HRef="image470.wmz"/>
 <o:File HRef="image471.wmz"/>
 <o:File HRef="image472.wmz"/>
 <o:File HRef="image473.wmz"/>
 <o:File HRef="image474.wmz"/>
 <o:File HRef="image475.wmz"/>
 <o:File HRef="image476.wmz"/>
 <o:File HRef="image477.wmz"/>
 <o:File HRef="image478.wmz"/>
 <o:File HRef="image479.gif"/>
 <o:File HRef="image480.wmz"/>
 <o:File HRef="image481.wmz"/>
 <o:File HRef="image482.wmz"/>
 <o:File HRef="image483.gif"/>
 <o:File HRef="image484.wmz"/>
 <o:File HRef="image485.gif"/>
 <o:File HRef="image486.wmz"/>
 <o:File HRef="image487.gif"/>
 <o:File HRef="image488.wmz"/>
 <o:File HRef="image489.gif"/>
 <o:File HRef="image490.wmz"/>
 <o:File HRef="image491.wmz"/>
 <o:File HRef="image492.gif"/>
 <o:File HRef="image493.wmz"/>
 <o:File HRef="image494.gif"/>
 <o:File HRef="image495.wmz"/>
 <o:File HRef="image496.gif"/>
 <o:File HRef="image497.wmz"/>
 <o:File HRef="image498.gif"/>
 <o:File HRef="image499.wmz"/>
 <o:File HRef="image500.gif"/>
 <o:File HRef="image501.wmz"/>
 <o:File HRef="image502.gif"/>
 <o:File HRef="image503.wmz"/>
 <o:File HRef="image504.gif"/>
 <o:File HRef="image505.wmz"/>
 <o:File HRef="image506.gif"/>
 <o:File HRef="image507.wmz"/>
 <o:File HRef="image508.gif"/>
 <o:File HRef="image509.wmz"/>
 <o:File HRef="image510.gif"/>
 <o:File HRef="image511.wmz"/>
 <o:File HRef="image512.gif"/>
 <o:File HRef="image513.wmz"/>
 <o:File HRef="image514.gif"/>
 <o:File HRef="image515.wmz"/>
 <o:File HRef="image516.gif"/>
 <o:File HRef="image517.wmz"/>
 <o:File HRef="image518.gif"/>
 <o:File HRef="image519.wmz"/>
 <o:File HRef="image520.wmz"/>
 <o:File HRef="image521.wmz"/>
 <o:File HRef="image522.gif"/>
 <o:File HRef="image523.wmz"/>
 <o:File HRef="image524.wmz"/>
 <o:File HRef="image525.gif"/>
 <o:File HRef="image526.wmz"/>
 <o:File HRef="image527.gif"/>
 <o:File HRef="image528.wmz"/>
 <o:File HRef="image529.gif"/>
 <o:File HRef="image530.wmz"/>
 <o:File HRef="image531.wmz"/>
 <o:File HRef="image532.wmz"/>
 <o:File HRef="image533.gif"/>
 <o:File HRef="image534.wmz"/>
 <o:File HRef="image535.gif"/>
 <o:File HRef="image536.wmz"/>
 <o:File HRef="image537.wmz"/>
 <o:File HRef="image538.wmz"/>
 <o:File HRef="image539.wmz"/>
 <o:File HRef="image540.wmz"/>
 <o:File HRef="image541.wmz"/>
 <o:File HRef="image542.wmz"/>
 <o:File HRef="image543.wmz"/>
 <o:File HRef="image544.wmz"/>
 <o:File HRef="image545.wmz"/>
 <o:File HRef="image546.wmz"/>
 <o:File HRef="image547.wmz"/>
 <o:File HRef="image548.wmz"/>
 <o:File HRef="image549.wmz"/>
 <o:File HRef="image550.wmz"/>
 <o:File HRef="image551.wmz"/>
 <o:File HRef="image552.wmz"/>
 <o:File HRef="image553.wmz"/>
 <o:File HRef="image554.wmz"/>
 <o:File HRef="image555.wmz"/>
 <o:File HRef="image556.wmz"/>
 <o:File HRef="image557.wmz"/>
 <o:File HRef="image558.wmz"/>
 <o:File HRef="image559.gif"/>
 <o:File HRef="image560.wmz"/>
 <o:File HRef="image561.wmz"/>
 <o:File HRef="image562.wmz"/>
 <o:File HRef="image563.gif"/>
 <o:File HRef="image564.wmz"/>
 <o:File HRef="image565.gif"/>
 <o:File HRef="image566.wmz"/>
 <o:File HRef="image567.gif"/>
 <o:File HRef="image568.wmz"/>
 <o:File HRef="image569.wmz"/>
 <o:File HRef="image570.gif"/>
 <o:File HRef="image571.wmz"/>
 <o:File HRef="image572.gif"/>
 <o:File HRef="image573.wmz"/>
 <o:File HRef="image574.gif"/>
 <o:File HRef="image575.wmz"/>
 <o:File HRef="image576.wmz"/>
 <o:File HRef="image577.gif"/>
 <o:File HRef="image578.wmz"/>
 <o:File HRef="image579.wmz"/>
 <o:File HRef="image580.gif"/>
 <o:File HRef="image581.wmz"/>
 <o:File HRef="image582.gif"/>
 <o:File HRef="image583.wmz"/>
 <o:File HRef="image584.wmz"/>
 <o:File HRef="image585.wmz"/>
 <o:File HRef="image586.wmz"/>
 <o:File HRef="image587.wmz"/>
 <o:File HRef="image588.wmz"/>
 <o:File HRef="image589.wmz"/>
 <o:File HRef="image590.wmz"/>
 <o:File HRef="image591.wmz"/>
 <o:File HRef="image592.gif"/>
 <o:File HRef="image593.wmz"/>
 <o:File HRef="image594.wmz"/>
 <o:File HRef="image595.wmz"/>
 <o:File HRef="image596.gif"/>
 <o:File HRef="image597.wmz"/>
 <o:File HRef="image598.gif"/>
 <o:File HRef="image599.wmz"/>
 <o:File HRef="image600.wmz"/>
 <o:File HRef="image601.gif"/>
 <o:File HRef="image602.wmz"/>
 <o:File HRef="image603.wmz"/>
 <o:File HRef="image604.gif"/>
 <o:File HRef="image605.wmz"/>
 <o:File HRef="image606.wmz"/>
 <o:File HRef="image607.wmz"/>
 <o:File HRef="image608.wmz"/>
 <o:File HRef="image609.gif"/>
 <o:File HRef="image610.wmz"/>
 <o:File HRef="image611.gif"/>
 <o:File HRef="image612.wmz"/>
 <o:File HRef="image613.wmz"/>
 <o:File HRef="image614.gif"/>
 <o:File HRef="image615.wmz"/>
 <o:File HRef="image616.gif"/>
 <o:File HRef="image617.wmz"/>
 <o:File HRef="image618.gif"/>
 <o:File HRef="image619.wmz"/>
 <o:File HRef="image620.wmz"/>
 <o:File HRef="image621.wmz"/>
 <o:File HRef="image622.wmz"/>
 <o:File HRef="image623.gif"/>
 <o:File HRef="image624.wmz"/>
 <o:File HRef="image625.gif"/>
 <o:File HRef="image626.wmz"/>
 <o:File HRef="image627.gif"/>
 <o:File HRef="image628.wmz"/>
 <o:File HRef="image629.wmz"/>
 <o:File HRef="image630.wmz"/>
 <o:File HRef="image631.wmz"/>
 <o:File HRef="image632.wmz"/>
 <o:File HRef="image633.wmz"/>
 <o:File HRef="image634.gif"/>
 <o:File HRef="image635.wmz"/>
 <o:File HRef="image636.gif"/>
 <o:File HRef="image637.wmz"/>
 <o:File HRef="image638.wmz"/>
 <o:File HRef="image639.gif"/>
 <o:File HRef="image640.wmz"/>
 <o:File HRef="image641.gif"/>
 <o:File HRef="image642.wmz"/>
 <o:File HRef="image643.gif"/>
 <o:File HRef="image644.wmz"/>
 <o:File HRef="image645.gif"/>
 <o:File HRef="image646.wmz"/>
 <o:File HRef="image647.wmz"/>
 <o:File HRef="image648.wmz"/>
 <o:File HRef="image649.wmz"/>
 <o:File HRef="image650.wmz"/>
 <o:File HRef="image651.wmz"/>
 <o:File HRef="image652.wmz"/>
 <o:File HRef="image653.wmz"/>
 <o:File HRef="image654.wmz"/>
 <o:File HRef="image655.wmz"/>
 <o:File HRef="image656.wmz"/>
 <o:File HRef="image657.wmz"/>
 <o:File HRef="image658.wmz"/>
 <o:File HRef="image659.wmz"/>
 <o:File HRef="image660.wmz"/>
 <o:File HRef="image661.wmz"/>
 <o:File HRef="image662.wmz"/>
 <o:File HRef="image663.wmz"/>
 <o:File HRef="image664.wmz"/>
 <o:File HRef="image665.wmz"/>
 <o:File HRef="image666.wmz"/>
 <o:File HRef="image667.wmz"/>
 <o:File HRef="image668.wmz"/>
 <o:File HRef="image669.wmz"/>
 <o:File HRef="image670.wmz"/>
 <o:File HRef="image671.wmz"/>
 <o:File HRef="image672.wmz"/>
 <o:File HRef="image673.wmz"/>
 <o:File HRef="image674.wmz"/>
 <o:File HRef="image675.wmz"/>
 <o:File HRef="image676.wmz"/>
 <o:File HRef="image677.gif"/>
 <o:File HRef="image678.wmz"/>
 <o:File HRef="image679.gif"/>
 <o:File HRef="image680.wmz"/>
 <o:File HRef="image681.gif"/>
 <o:File HRef="image682.wmz"/>
 <o:File HRef="image683.wmz"/>
 <o:File HRef="image684.gif"/>
 <o:File HRef="image685.wmz"/>
 <o:File HRef="image686.gif"/>
 <o:File HRef="image687.wmz"/>
 <o:File HRef="image688.gif"/>
 <o:File HRef="image689.wmz"/>
 <o:File HRef="image690.gif"/>
 <o:File HRef="image691.wmz"/>
 <o:File HRef="image692.wmz"/>
 <o:File HRef="image693.gif"/>
 <o:File HRef="image694.wmz"/>
 <o:File HRef="image695.gif"/>
 <o:File HRef="image696.wmz"/>
 <o:File HRef="image697.gif"/>
 <o:File HRef="image698.wmz"/>
 <o:File HRef="image699.gif"/>
 <o:File HRef="image700.wmz"/>
 <o:File HRef="image701.wmz"/>
 <o:File HRef="image702.gif"/>
 <o:File HRef="image703.wmz"/>
 <o:File HRef="image704.gif"/>
 <o:File HRef="image705.wmz"/>
 <o:File HRef="image706.gif"/>
 <o:File HRef="image707.wmz"/>
 <o:File HRef="image708.gif"/>
 <o:File HRef="image709.wmz"/>
 <o:File HRef="image710.gif"/>
 <o:File HRef="image711.wmz"/>
 <o:File HRef="image712.gif"/>
 <o:File HRef="image713.wmz"/>
 <o:File HRef="image714.gif"/>
 <o:File HRef="image715.wmz"/>
 <o:File HRef="image716.gif"/>
 <o:File HRef="image717.wmz"/>
 <o:File HRef="image718.gif"/>
 <o:File HRef="image719.wmz"/>
 <o:File HRef="image720.gif"/>
 <o:File HRef="image721.wmz"/>
 <o:File HRef="image722.gif"/>
 <o:File HRef="image723.wmz"/>
 <o:File HRef="image724.gif"/>
 <o:File HRef="image725.wmz"/>
 <o:File HRef="image726.gif"/>
 <o:File HRef="image727.wmz"/>
 <o:File HRef="image728.gif"/>
 <o:File HRef="image729.wmz"/>
 <o:File HRef="image730.gif"/>
 <o:File HRef="image731.wmz"/>
 <o:File HRef="image732.gif"/>
 <o:File HRef="image733.wmz"/>
 <o:File HRef="image734.gif"/>
 <o:File HRef="image735.wmz"/>
 <o:File HRef="image736.wmz"/>
 <o:File HRef="image737.gif"/>
 <o:File HRef="image738.wmz"/>
 <o:File HRef="image739.wmz"/>
 <o:File HRef="image740.wmz"/>
 <o:File HRef="image741.wmz"/>
 <o:File HRef="image742.wmz"/>
 <o:File HRef="image743.gif"/>
 <o:File HRef="image744.wmz"/>
 <o:File HRef="image745.gif"/>
 <o:File HRef="image746.wmz"/>
 <o:File HRef="image747.gif"/>
 <o:File HRef="image748.wmz"/>
 <o:File HRef="image749.gif"/>
 <o:File HRef="image750.wmz"/>
 <o:File HRef="image751.gif"/>
 <o:File HRef="image752.wmz"/>
 <o:File HRef="image753.gif"/>
 <o:File HRef="image754.wmz"/>
 <o:File HRef="image755.gif"/>
 <o:File HRef="image756.wmz"/>
 <o:File HRef="image757.wmz"/>
 <o:File HRef="image758.wmz"/>
 <o:File HRef="image759.wmz"/>
 <o:File HRef="image760.wmz"/>
 <o:File HRef="image761.wmz"/>
 <o:File HRef="image762.wmz"/>
 <o:File HRef="image763.wmz"/>
 <o:File HRef="image764.gif"/>
 <o:File HRef="image765.wmz"/>
 <o:File HRef="image766.gif"/>
 <o:File HRef="image767.wmz"/>
 <o:File HRef="image768.gif"/>
 <o:File HRef="image769.wmz"/>
 <o:File HRef="image770.wmz"/>
 <o:File HRef="image771.wmz"/>
 <o:File HRef="image772.wmz"/>
 <o:File HRef="image773.wmz"/>
 <o:File HRef="image774.wmz"/>
 <o:File HRef="image775.wmz"/>
 <o:File HRef="image776.wmz"/>
 <o:File HRef="image777.wmz"/>
 <o:File HRef="image778.wmz"/>
 <o:File HRef="image779.wmz"/>
 <o:File HRef="image780.wmz"/>
 <o:File HRef="image781.wmz"/>
 <o:File HRef="image782.wmz"/>
 <o:File HRef="image783.wmz"/>
 <o:File HRef="image784.wmz"/>
 <o:File HRef="image785.wmz"/>
 <o:File HRef="image786.wmz"/>
 <o:File HRef="image787.wmz"/>
 <o:File HRef="image788.wmz"/>
 <o:File HRef="image789.wmz"/>
 <o:File HRef="image790.wmz"/>
 <o:File HRef="image791.wmz"/>
 <o:File HRef="image792.gif"/>
 <o:File HRef="image793.wmz"/>
 <o:File HRef="image794.wmz"/>
 <o:File HRef="image795.wmz"/>
 <o:File HRef="image796.gif"/>
 <o:File HRef="image797.wmz"/>
 <o:File HRef="image798.gif"/>
 <o:File HRef="image799.wmz"/>
 <o:File HRef="image800.gif"/>
 <o:File HRef="image801.wmz"/>
 <o:File HRef="image802.gif"/>
 <o:File HRef="image803.wmz"/>
 <o:File HRef="image804.gif"/>
 <o:File HRef="image805.wmz"/>
 <o:File HRef="image806.gif"/>
 <o:File HRef="image807.wmz"/>
 <o:File HRef="image808.gif"/>
 <o:File HRef="image809.wmz"/>
 <o:File HRef="image810.gif"/>
 <o:File HRef="image811.wmz"/>
 <o:File HRef="image812.gif"/>
 <o:File HRef="image813.wmz"/>
 <o:File HRef="image814.gif"/>
 <o:File HRef="image815.wmz"/>
 <o:File HRef="image816.gif"/>
 <o:File HRef="image817.wmz"/>
 <o:File HRef="image818.gif"/>
 <o:File HRef="image819.wmz"/>
 <o:File HRef="image820.gif"/>
 <o:File HRef="image821.wmz"/>
 <o:File HRef="image822.gif"/>
 <o:File HRef="image823.wmz"/>
 <o:File HRef="image824.gif"/>
 <o:File HRef="image825.wmz"/>
 <o:File HRef="image826.wmz"/>
 <o:File HRef="image827.wmz"/>
 <o:File HRef="image828.gif"/>
 <o:File HRef="image829.wmz"/>
 <o:File HRef="image830.gif"/>
 <o:File HRef="image831.wmz"/>
 <o:File HRef="image832.gif"/>
 <o:File HRef="image833.wmz"/>
 <o:File HRef="image834.gif"/>
 <o:File HRef="image835.wmz"/>
 <o:File HRef="image836.wmz"/>
 <o:File HRef="image837.gif"/>
 <o:File HRef="image838.wmz"/>
 <o:File HRef="image839.gif"/>
 <o:File HRef="image840.wmz"/>
 <o:File HRef="image841.gif"/>
 <o:File HRef="image842.wmz"/>
 <o:File HRef="image843.gif"/>
 <o:File HRef="image844.wmz"/>
 <o:File HRef="image845.gif"/>
 <o:File HRef="image846.wmz"/>
 <o:File HRef="image847.gif"/>
 <o:File HRef="image848.wmz"/>
 <o:File HRef="image849.gif"/>
 <o:File HRef="image850.wmz"/>
 <o:File HRef="image851.wmz"/>
 <o:File HRef="image852.gif"/>
 <o:File HRef="image853.wmz"/>
 <o:File HRef="image854.wmz"/>
 <o:File HRef="image855.wmz"/>
 <o:File HRef="image856.wmz"/>
 <o:File HRef="image857.wmz"/>
 <o:File HRef="image858.gif"/>
 <o:File HRef="image859.wmz"/>
 <o:File HRef="image860.wmz"/>
 <o:File HRef="image861.gif"/>
 <o:File HRef="image862.wmz"/>
 <o:File HRef="image863.wmz"/>
 <o:File HRef="image864.gif"/>
 <o:File HRef="image865.wmz"/>
 <o:File HRef="image866.gif"/>
 <o:File HRef="image867.wmz"/>
 <o:File HRef="image868.gif"/>
 <o:File HRef="image869.wmz"/>
 <o:File HRef="image870.wmz"/>
 <o:File HRef="image871.wmz"/>
 <o:File HRef="image872.wmz"/>
 <o:File HRef="image873.wmz"/>
 <o:File HRef="image874.wmz"/>
 <o:File HRef="image875.wmz"/>
 <o:File HRef="image876.wmz"/>
 <o:File HRef="image877.wmz"/>
 <o:File HRef="image878.wmz"/>
 <o:File HRef="image879.wmz"/>
 <o:File HRef="image880.wmz"/>
 <o:File HRef="image881.wmz"/>
 <o:File HRef="image882.wmz"/>
 <o:File HRef="image883.wmz"/>
 <o:File HRef="image884.wmz"/>
 <o:File HRef="image885.wmz"/>
 <o:File HRef="image886.wmz"/>
 <o:File HRef="image887.wmz"/>
 <o:File HRef="image888.wmz"/>
 <o:File HRef="image889.wmz"/>
 <o:File HRef="image890.wmz"/>
 <o:File HRef="image891.wmz"/>
 <o:File HRef="image892.wmz"/>
 <o:File HRef="image893.wmz"/>
 <o:File HRef="image894.wmz"/>
 <o:File HRef="image895.wmz"/>
 <o:File HRef="image896.wmz"/>
 <o:File HRef="image897.wmz"/>
 <o:File HRef="image898.gif"/>
 <o:File HRef="image899.wmz"/>
 <o:File HRef="image900.gif"/>
 <o:File HRef="image901.wmz"/>
 <o:File HRef="image902.gif"/>
 <o:File HRef="image903.wmz"/>
 <o:File HRef="image904.wmz"/>
 <o:File HRef="image905.gif"/>
 <o:File HRef="image906.wmz"/>
 <o:File HRef="image907.wmz"/>
 <o:File HRef="image908.gif"/>
 <o:File HRef="image909.wmz"/>
 <o:File HRef="image910.gif"/>
 <o:File HRef="image911.wmz"/>
 <o:File HRef="image912.gif"/>
 <o:File HRef="image913.wmz"/>
 <o:File HRef="image914.gif"/>
 <o:File HRef="image915.wmz"/>
 <o:File HRef="image916.gif"/>
 <o:File HRef="image917.wmz"/>
 <o:File HRef="image918.gif"/>
 <o:File HRef="image919.wmz"/>
 <o:File HRef="image920.gif"/>
 <o:File HRef="image921.wmz"/>
 <o:File HRef="image922.gif"/>
 <o:File HRef="image923.wmz"/>
 <o:File HRef="image924.gif"/>
 <o:File HRef="image925.wmz"/>
 <o:File HRef="image926.wmz"/>
 <o:File HRef="image927.wmz"/>
 <o:File HRef="image928.gif"/>
 <o:File HRef="image929.wmz"/>
 <o:File HRef="image930.wmz"/>
 <o:File HRef="image931.gif"/>
 <o:File HRef="image932.wmz"/>
 <o:File HRef="image933.wmz"/>
 <o:File HRef="image934.gif"/>
 <o:File HRef="image935.wmz"/>
 <o:File HRef="image936.wmz"/>
 <o:File HRef="image937.gif"/>
 <o:File HRef="image938.wmz"/>
 <o:File HRef="image939.wmz"/>
 <o:File HRef="image940.gif"/>
 <o:File HRef="image941.wmz"/>
 <o:File HRef="image942.gif"/>
 <o:File HRef="image943.wmz"/>
 <o:File HRef="image944.wmz"/>
 <o:File HRef="image945.wmz"/>
 <o:File HRef="image946.wmz"/>
 <o:File HRef="image947.wmz"/>
 <o:File HRef="image948.gif"/>
 <o:File HRef="image949.wmz"/>
 <o:File HRef="image950.gif"/>
 <o:File HRef="image951.wmz"/>
 <o:File HRef="image952.gif"/>
 <o:File HRef="image953.wmz"/>
 <o:File HRef="image954.gif"/>
 <o:File HRef="image955.wmz"/>
 <o:File HRef="image956.gif"/>
 <o:File HRef="image957.wmz"/>
 <o:File HRef="image958.gif"/>
 <o:File HRef="image959.wmz"/>
 <o:File HRef="image960.gif"/>
 <o:File HRef="image961.wmz"/>
 <o:File HRef="image962.wmz"/>
 <o:File HRef="image963.wmz"/>
 <o:File HRef="image964.gif"/>
 <o:File HRef="image965.wmz"/>
 <o:File HRef="image966.gif"/>
 <o:File HRef="image967.wmz"/>
 <o:File HRef="image968.gif"/>
 <o:File HRef="image969.wmz"/>
 <o:File HRef="image970.gif"/>
 <o:File HRef="image971.wmz"/>
 <o:File HRef="image972.gif"/>
 <o:File HRef="image973.wmz"/>
 <o:File HRef="image974.gif"/>
 <o:File HRef="image975.wmz"/>
 <o:File HRef="image976.gif"/>
 <o:File HRef="image977.wmz"/>
 <o:File HRef="image978.gif"/>
 <o:File HRef="image979.wmz"/>
 <o:File HRef="image980.gif"/>
 <o:File HRef="image981.wmz"/>
 <o:File HRef="image982.gif"/>
 <o:File HRef="image983.wmz"/>
 <o:File HRef="image984.gif"/>
 <o:File HRef="image985.wmz"/>
 <o:File HRef="image986.gif"/>
 <o:File HRef="image987.wmz"/>
 <o:File HRef="image988.gif"/>
 <o:File HRef="image989.wmz"/>
 <o:File HRef="image990.gif"/>
 <o:File HRef="image991.wmz"/>
 <o:File HRef="image992.gif"/>
 <o:File HRef="image993.wmz"/>
 <o:File HRef="image994.gif"/>
 <o:File HRef="image995.wmz"/>
 <o:File HRef="image996.gif"/>
 <o:File HRef="image997.wmz"/>
 <o:File HRef="image998.gif"/>
 <o:File HRef="image999.wmz"/>
 <o:File HRef="image1000.wmz"/>
 <o:File HRef="image1001.gif"/>
 <o:File HRef="image1002.wmz"/>
 <o:File HRef="image1003.wmz"/>
 <o:File HRef="image1004.gif"/>
 <o:File HRef="image1005.wmz"/>
 <o:File HRef="image1006.wmz"/>
 <o:File HRef="image1007.gif"/>
 <o:File HRef="image1008.wmz"/>
 <o:File HRef="image1009.gif"/>
 <o:File HRef="image1010.wmz"/>
 <o:File HRef="image1011.gif"/>
 <o:File HRef="image1012.wmz"/>
 <o:File HRef="image1013.gif"/>
 <o:File HRef="image1014.wmz"/>
 <o:File HRef="image1015.gif"/>
 <o:File HRef="image1016.wmz"/>
 <o:File HRef="image1017.gif"/>
 <o:File HRef="image1018.wmz"/>
 <o:File HRef="image1019.gif"/>
 <o:File HRef="image1020.wmz"/>
 <o:File HRef="image1021.wmz"/>
 <o:File HRef="image1022.wmz"/>
 <o:File HRef="image1023.gif"/>
 <o:File HRef="image1024.wmz"/>
 <o:File HRef="image1025.gif"/>
 <o:File HRef="image1026.wmz"/>
 <o:File HRef="image1027.gif"/>
 <o:File HRef="image1028.wmz"/>
 <o:File HRef="image1029.gif"/>
 <o:File HRef="image1030.wmz"/>
 <o:File HRef="image1031.gif"/>
 <o:File HRef="image1032.wmz"/>
 <o:File HRef="image1033.gif"/>
 <o:File HRef="image1034.wmz"/>
 <o:File HRef="image1035.gif"/>
 <o:File HRef="image1036.gif"/>
 <o:File HRef="image1037.wmz"/>
 <o:File HRef="image1038.gif"/>
 <o:File HRef="image1039.wmz"/>
 <o:File HRef="image1040.gif"/>
 <o:File HRef="image1041.wmz"/>
 <o:File HRef="image1042.gif"/>
 <o:File HRef="image1043.wmz"/>
 <o:File HRef="image1044.gif"/>
 <o:File HRef="image1045.wmz"/>
 <o:File HRef="image1046.wmz"/>
 <o:File HRef="image1047.gif"/>
 <o:File HRef="image1048.wmz"/>
 <o:File HRef="image1049.gif"/>
 <o:File HRef="image1050.wmz"/>
 <o:File HRef="image1051.gif"/>
 <o:File HRef="image1052.wmz"/>
 <o:File HRef="image1053.wmz"/>
 <o:File HRef="image1054.gif"/>
 <o:File HRef="image1055.wmz"/>
 <o:File HRef="image1056.wmz"/>
 <o:File HRef="image1057.gif"/>
 <o:File HRef="image1058.wmz"/>
 <o:File HRef="image1059.gif"/>
 <o:File HRef="image1060.wmz"/>
 <o:File HRef="image1061.gif"/>
 <o:File HRef="image1062.wmz"/>
 <o:File HRef="image1063.gif"/>
 <o:File HRef="image1064.wmz"/>
 <o:File HRef="image1065.wmz"/>
 <o:File HRef="image1066.gif"/>
 <o:File HRef="image1067.wmz"/>
 <o:File HRef="image1068.gif"/>
 <o:File HRef="image1069.wmz"/>
 <o:File HRef="image1070.gif"/>
 <o:File HRef="image1071.wmz"/>
 <o:File HRef="image1072.gif"/>
 <o:File HRef="image1073.wmz"/>
 <o:File HRef="image1074.gif"/>
 <o:File HRef="image1075.wmz"/>
 <o:File HRef="image1076.gif"/>
 <o:File HRef="image1077.wmz"/>
 <o:File HRef="image1078.wmz"/>
 <o:File HRef="image1079.gif"/>
 <o:File HRef="image1080.wmz"/>
 <o:File HRef="image1081.gif"/>
 <o:File HRef="image1082.wmz"/>
 <o:File HRef="image1083.gif"/>
 <o:File HRef="image1084.wmz"/>
 <o:File HRef="image1085.gif"/>
 <o:File HRef="image1086.wmz"/>
 <o:File HRef="image1087.gif"/>
 <o:File HRef="image1088.wmz"/>
 <o:File HRef="image1089.gif"/>
 <o:File HRef="image1090.wmz"/>
 <o:File HRef="image1091.gif"/>
 <o:File HRef="image1092.wmz"/>
 <o:File HRef="image1093.gif"/>
 <o:File HRef="image1094.wmz"/>
 <o:File HRef="image1095.gif"/>
 <o:File HRef="image1096.wmz"/>
 <o:File HRef="image1097.wmz"/>
 <o:File HRef="image1098.gif"/>
 <o:File HRef="image1099.wmz"/>
 <o:File HRef="image1100.gif"/>
 <o:File HRef="image1101.wmz"/>
 <o:File HRef="image1102.gif"/>
 <o:File HRef="image1103.wmz"/>
 <o:File HRef="image1104.gif"/>
 <o:File HRef="image1105.wmz"/>
 <o:File HRef="image1106.gif"/>
 <o:File HRef="image1107.wmz"/>
 <o:File HRef="image1108.wmz"/>
 <o:File HRef="image1109.gif"/>
 <o:File HRef="image1110.wmz"/>
 <o:File HRef="image1111.gif"/>
 <o:File HRef="image1112.wmz"/>
 <o:File HRef="image1113.gif"/>
 <o:File HRef="image1114.wmz"/>
 <o:File HRef="image1115.gif"/>
 <o:File HRef="image1116.wmz"/>
 <o:File HRef="image1117.gif"/>
 <o:File HRef="image1118.wmz"/>
 <o:File HRef="image1119.wmz"/>
 <o:File HRef="image1120.gif"/>
 <o:File HRef="image1121.wmz"/>
 <o:File HRef="image1122.gif"/>
 <o:File HRef="image1123.wmz"/>
 <o:File HRef="image1124.wmz"/>
 <o:File HRef="image1125.wmz"/>
 <o:File HRef="image1126.wmz"/>
 <o:File HRef="image1127.gif"/>
 <o:File HRef="image1128.wmz"/>
 <o:File HRef="image1129.gif"/>
 <o:File HRef="image1130.wmz"/>
 <o:File HRef="image1131.wmz"/>
 <o:File HRef="image1132.gif"/>
 <o:File HRef="image1133.wmz"/>
 <o:File HRef="image1134.gif"/>
 <o:File HRef="image1135.wmz"/>
 <o:File HRef="image1136.gif"/>
 <o:File HRef="image1137.wmz"/>
 <o:File HRef="image1138.gif"/>
 <o:File HRef="image1139.wmz"/>
 <o:File HRef="image1140.wmz"/>
 <o:File HRef="image1141.gif"/>
 <o:File HRef="image1142.wmz"/>
 <o:File HRef="image1143.gif"/>
 <o:File HRef="image1144.wmz"/>
 <o:File HRef="image1145.gif"/>
 <o:File HRef="image1146.wmz"/>
 <o:File HRef="image1147.gif"/>
 <o:File HRef="image1148.wmz"/>
 <o:File HRef="image1149.wmz"/>
 <o:File HRef="image1150.wmz"/>
 <o:File HRef="image1151.wmz"/>
 <o:File HRef="image1152.wmz"/>
 <o:File HRef="image1153.gif"/>
 <o:File HRef="image1154.wmz"/>
 <o:File HRef="image1155.gif"/>
 <o:File HRef="image1156.wmz"/>
 <o:File HRef="image1157.gif"/>
 <o:File HRef="image1158.wmz"/>
 <o:File HRef="image1159.gif"/>
 <o:File HRef="image1160.wmz"/>
 <o:File HRef="image1161.wmz"/>
 <o:File HRef="image1162.wmz"/>
 <o:File HRef="image1163.gif"/>
 <o:File HRef="image1164.wmz"/>
 <o:File HRef="image1165.wmz"/>
 <o:File HRef="image1166.gif"/>
 <o:File HRef="image1167.wmz"/>
 <o:File HRef="image1168.wmz"/>
 <o:File HRef="image1169.gif"/>
 <o:File HRef="image1170.wmz"/>
 <o:File HRef="image1171.wmz"/>
 <o:File HRef="image1172.gif"/>
 <o:File HRef="image1173.wmz"/>
 <o:File HRef="image1174.gif"/>
 <o:File HRef="image1175.wmz"/>
 <o:File HRef="image1176.gif"/>
 <o:File HRef="image1177.wmz"/>
 <o:File HRef="image1178.gif"/>
 <o:File HRef="image1179.wmz"/>
 <o:File HRef="image1180.gif"/>
 <o:File HRef="image1181.wmz"/>
 <o:File HRef="image1182.gif"/>
 <o:File HRef="image1183.wmz"/>
 <o:File HRef="image1184.wmz"/>
 <o:File HRef="image1185.gif"/>
 <o:File HRef="image1186.wmz"/>
 <o:File HRef="image1187.wmz"/>
 <o:File HRef="image1188.gif"/>
 <o:File HRef="image1189.wmz"/>
 <o:File HRef="image1190.gif"/>
 <o:File HRef="image1191.wmz"/>
 <o:File HRef="image1192.gif"/>
 <o:File HRef="image1193.wmz"/>
 <o:File HRef="image1194.gif"/>
 <o:File HRef="image1195.wmz"/>
 <o:File HRef="image1196.gif"/>
 <o:File HRef="image1197.wmz"/>
 <o:File HRef="image1198.gif"/>
 <o:File HRef="image1199.wmz"/>
 <o:File HRef="image1200.gif"/>
 <o:File HRef="image1201.wmz"/>
 <o:File HRef="image1202.gif"/>
 <o:File HRef="image1203.wmz"/>
 <o:File HRef="image1204.gif"/>
 <o:File HRef="image1205.wmz"/>
 <o:File HRef="image1206.gif"/>
 <o:File HRef="image1207.wmz"/>
 <o:File HRef="image1208.gif"/>
 <o:File HRef="image1209.wmz"/>
 <o:File HRef="image1210.gif"/>
 <o:File HRef="image1211.wmz"/>
 <o:File HRef="image1212.gif"/>
 <o:File HRef="image1213.wmz"/>
 <o:File HRef="image1214.wmz"/>
 <o:File HRef="image1215.gif"/>
 <o:File HRef="image1216.wmz"/>
 <o:File HRef="image1217.gif"/>
 <o:File HRef="image1218.wmz"/>
 <o:File HRef="image1219.wmz"/>
 <o:File HRef="image1220.gif"/>
 <o:File HRef="image1221.wmz"/>
 <o:File HRef="image1222.gif"/>
 <o:File HRef="image1223.wmz"/>
 <o:File HRef="image1224.gif"/>
 <o:File HRef="image1225.wmz"/>
 <o:File HRef="image1226.gif"/>
 <o:File HRef="image1227.wmz"/>
 <o:File HRef="image1228.gif"/>
 <o:File HRef="image1229.wmz"/>
 <o:File HRef="image1230.wmz"/>
 <o:File HRef="image1231.gif"/>
 <o:File HRef="image1232.wmz"/>
 <o:File HRef="image1233.wmz"/>
 <o:File HRef="image1234.gif"/>
 <o:File HRef="image1235.wmz"/>
 <o:File HRef="image1236.gif"/>
 <o:File HRef="image1237.wmz"/>
 <o:File HRef="image1238.gif"/>
 <o:File HRef="image1239.wmz"/>
 <o:File HRef="image1240.gif"/>
 <o:File HRef="image1241.wmz"/>
 <o:File HRef="image1242.gif"/>
 <o:File HRef="image1243.wmz"/>
 <o:File HRef="image1244.gif"/>
 <o:File HRef="image1245.wmz"/>
 <o:File HRef="image1246.wmz"/>
 <o:File HRef="image1247.wmz"/>
 <o:File HRef="image1248.gif"/>
 <o:File HRef="image1249.wmz"/>
 <o:File HRef="image1250.gif"/>
 <o:File HRef="image1251.wmz"/>
 <o:File HRef="image1252.gif"/>
 <o:File HRef="image1253.wmz"/>
 <o:File HRef="image1254.gif"/>
 <o:File HRef="image1255.wmz"/>
 <o:File HRef="image1256.gif"/>
 <o:File HRef="image1257.wmz"/>
 <o:File HRef="image1258.gif"/>
 <o:File HRef="image1259.wmz"/>
 <o:File HRef="image1260.gif"/>
 <o:File HRef="image1261.wmz"/>
 <o:File HRef="image1262.wmz"/>
 <o:File HRef="image1263.wmz"/>
 <o:File HRef="image1264.wmz"/>
 <o:File HRef="image1265.gif"/>
 <o:File HRef="image1266.wmz"/>
 <o:File HRef="image1267.gif"/>
 <o:File HRef="image1268.wmz"/>
 <o:File HRef="image1269.wmz"/>
 <o:File HRef="image1270.wmz"/>
 <o:File HRef="image1271.gif"/>
 <o:File HRef="image1272.wmz"/>
 <o:File HRef="image1273.gif"/>
 <o:File HRef="image1274.wmz"/>
 <o:File HRef="image1275.wmz"/>
 <o:File HRef="image1276.wmz"/>
 <o:File HRef="image1277.gif"/>
 <o:File HRef="image1278.wmz"/>
 <o:File HRef="image1279.wmz"/>
 <o:File HRef="image1280.gif"/>
 <o:File HRef="image1281.wmz"/>
 <o:File HRef="image1282.gif"/>
 <o:File HRef="image1283.wmz"/>
 <o:File HRef="image1284.wmz"/>
 <o:File HRef="image1285.wmz"/>
 <o:File HRef="image1286.gif"/>
 <o:File HRef="image1287.wmz"/>
 <o:File HRef="image1288.gif"/>
 <o:File HRef="image1289.wmz"/>
 <o:File HRef="image1290.wmz"/>
 <o:File HRef="image1291.wmz"/>
 <o:File HRef="image1292.wmz"/>
 <o:File HRef="image1293.wmz"/>
 <o:File HRef="image1294.wmz"/>
 <o:File HRef="image1295.gif"/>
 <o:File HRef="image1296.wmz"/>
 <o:File HRef="image1297.wmz"/>
 <o:File HRef="image1298.gif"/>
 <o:File HRef="image1299.wmz"/>
 <o:File HRef="image1300.wmz"/>
 <o:File HRef="image1301.gif"/>
 <o:File HRef="image1302.wmz"/>
 <o:File HRef="image1303.gif"/>
 <o:File HRef="image1304.wmz"/>
 <o:File HRef="image1305.gif"/>
 <o:File HRef="image1306.wmz"/>
 <o:File HRef="image1307.gif"/>
 <o:File HRef="image1308.wmz"/>
 <o:File HRef="image1309.gif"/>
 <o:File HRef="image1310.wmz"/>
 <o:File HRef="image1311.gif"/>
 <o:File HRef="image1312.wmz"/>
 <o:File HRef="image1313.gif"/>
 <o:File HRef="image1314.wmz"/>
 <o:File HRef="image1315.gif"/>
 <o:File HRef="image1316.wmz"/>
 <o:File HRef="image1317.wmz"/>
 <o:File HRef="image1318.gif"/>
 <o:File HRef="image1319.wmz"/>
 <o:File HRef="image1320.wmz"/>
 <o:File HRef="image1321.gif"/>
 <o:File HRef="image1322.wmz"/>
 <o:File HRef="image1323.wmz"/>
 <o:File HRef="image1324.gif"/>
 <o:File HRef="image1325.wmz"/>
 <o:File HRef="image1326.gif"/>
 <o:File HRef="image1327.wmz"/>
 <o:File HRef="image1328.wmz"/>
 <o:File HRef="image1329.gif"/>
 <o:File HRef="image1330.wmz"/>
 <o:File HRef="image1331.gif"/>
 <o:File HRef="image1332.wmz"/>
 <o:File HRef="image1333.gif"/>
 <o:File HRef="image1334.wmz"/>
 <o:File HRef="image1335.gif"/>
 <o:File HRef="image1336.wmz"/>
 <o:File HRef="image1337.wmz"/>
 <o:File HRef="image1338.gif"/>
 <o:File HRef="image1339.wmz"/>
 <o:File HRef="image1340.gif"/>
 <o:File HRef="image1341.wmz"/>
 <o:File HRef="image1342.gif"/>
 <o:File HRef="image1343.wmz"/>
 <o:File HRef="image1344.wmz"/>
 <o:File HRef="image1345.gif"/>
 <o:File HRef="image1346.wmz"/>
 <o:File HRef="image1347.gif"/>
 <o:File HRef="image1348.wmz"/>
 <o:File HRef="image1349.gif"/>
 <o:File HRef="image1350.wmz"/>
 <o:File HRef="image1351.wmz"/>
 <o:File HRef="image1352.gif"/>
 <o:File HRef="image1353.wmz"/>
 <o:File HRef="image1354.wmz"/>
 <o:File HRef="image1355.gif"/>
 <o:File HRef="image1356.wmz"/>
 <o:File HRef="image1357.gif"/>
 <o:File HRef="image1358.wmz"/>
 <o:File HRef="image1359.wmz"/>
 <o:File HRef="image1360.gif"/>
 <o:File HRef="image1361.wmz"/>
 <o:File HRef="image1362.gif"/>
 <o:File HRef="image1363.wmz"/>
 <o:File HRef="image1364.gif"/>
 <o:File HRef="image1365.wmz"/>
 <o:File HRef="image1366.gif"/>
 <o:File HRef="image1367.wmz"/>
 <o:File HRef="image1368.gif"/>
 <o:File HRef="image1369.wmz"/>
 <o:File HRef="image1370.gif"/>
 <o:File HRef="image1371.wmz"/>
 <o:File HRef="image1372.gif"/>
 <o:File HRef="image1373.wmz"/>
 <o:File HRef="image1374.gif"/>
 <o:File HRef="image1375.wmz"/>
 <o:File HRef="image1376.gif"/>
 <o:File HRef="image1377.wmz"/>
 <o:File HRef="image1378.wmz"/>
 <o:File HRef="image1379.wmz"/>
 <o:File HRef="image1380.gif"/>
 <o:File HRef="image1381.wmz"/>
 <o:File HRef="image1382.wmz"/>
 <o:File HRef="image1383.wmz"/>
 <o:File HRef="image1384.wmz"/>
 <o:File HRef="image1385.gif"/>
 <o:File HRef="image1386.wmz"/>
 <o:File HRef="image1387.gif"/>
 <o:File HRef="image1388.wmz"/>
 <o:File HRef="image1389.gif"/>
 <o:File HRef="image1390.wmz"/>
 <o:File HRef="image1391.gif"/>
 <o:File HRef="image1392.wmz"/>
 <o:File HRef="image1393.wmz"/>
 <o:File HRef="image1394.gif"/>
 <o:File HRef="image1395.wmz"/>
 <o:File HRef="image1396.wmz"/>
 <o:File HRef="image1397.gif"/>
 <o:File HRef="image1398.wmz"/>
 <o:File HRef="image1399.gif"/>
 <o:File HRef="image1400.wmz"/>
 <o:File HRef="image1401.gif"/>
 <o:File HRef="image1402.wmz"/>
 <o:File HRef="image1403.wmz"/>
 <o:File HRef="image1404.wmz"/>
 <o:File HRef="image1405.gif"/>
 <o:File HRef="image1406.wmz"/>
 <o:File HRef="image1407.wmz"/>
 <o:File HRef="image1408.gif"/>
 <o:File HRef="image1409.wmz"/>
 <o:File HRef="image1410.gif"/>
 <o:File HRef="image1411.wmz"/>
 <o:File HRef="image1412.gif"/>
 <o:File HRef="image1413.wmz"/>
 <o:File HRef="image1414.gif"/>
 <o:File HRef="image1415.wmz"/>
 <o:File HRef="image1416.wmz"/>
 <o:File HRef="image1417.gif"/>
 <o:File HRef="image1418.wmz"/>
 <o:File HRef="image1419.gif"/>
 <o:File HRef="image1420.wmz"/>
 <o:File HRef="image1421.gif"/>
 <o:File HRef="image1422.wmz"/>
 <o:File HRef="image1423.gif"/>
 <o:File HRef="image1424.wmz"/>
 <o:File HRef="image1425.gif"/>
 <o:File HRef="image1426.wmz"/>
 <o:File HRef="image1427.gif"/>
 <o:File HRef="image1428.wmz"/>
 <o:File HRef="image1429.wmz"/>
 <o:File HRef="image1430.wmz"/>
 <o:File HRef="image1431.wmz"/>
 <o:File HRef="image1432.wmz"/>
 <o:File HRef="image1433.gif"/>
 <o:File HRef="image1434.wmz"/>
 <o:File HRef="image1435.wmz"/>
 <o:File HRef="image1436.wmz"/>
 <o:File HRef="image1437.gif"/>
 <o:File HRef="image1438.wmz"/>
 <o:File HRef="image1439.gif"/>
 <o:File HRef="image1440.wmz"/>
 <o:File HRef="image1441.gif"/>
 <o:File HRef="image1442.wmz"/>
 <o:File HRef="image1443.wmz"/>
 <o:File HRef="image1444.gif"/>
 <o:File HRef="image1445.wmz"/>
 <o:File HRef="image1446.gif"/>
 <o:File HRef="image1447.wmz"/>
 <o:File HRef="image1448.gif"/>
 <o:File HRef="image1449.wmz"/>
 <o:File HRef="image1450.gif"/>
 <o:File HRef="image1451.wmz"/>
 <o:File HRef="image1452.gif"/>
 <o:File HRef="image1453.wmz"/>
 <o:File HRef="image1454.gif"/>
 <o:File HRef="image1455.wmz"/>
 <o:File HRef="image1456.gif"/>
 <o:File HRef="image1457.wmz"/>
 <o:File HRef="image1458.wmz"/>
 <o:File HRef="image1459.wmz"/>
 <o:File HRef="image1460.wmz"/>
 <o:File HRef="image1461.wmz"/>
 <o:File HRef="image1462.gif"/>
 <o:File HRef="image1463.wmz"/>
 <o:File HRef="image1464.wmz"/>
 <o:File HRef="image1465.gif"/>
 <o:File HRef="image1466.wmz"/>
 <o:File HRef="image1467.gif"/>
 <o:File HRef="image1468.wmz"/>
 <o:File HRef="image1469.gif"/>
 <o:File HRef="image1470.wmz"/>
 <o:File HRef="image1471.wmz"/>
 <o:File HRef="image1472.wmz"/>
 <o:File HRef="image1473.gif"/>
 <o:File HRef="image1474.wmz"/>
 <o:File HRef="image1475.gif"/>
 <o:File HRef="image1476.wmz"/>
 <o:File HRef="image1477.gif"/>
 <o:File HRef="image1478.wmz"/>
 <o:File HRef="image1479.gif"/>
 <o:File HRef="image1480.wmz"/>
 <o:File HRef="image1481.gif"/>
 <o:File HRef="image1482.wmz"/>
 <o:File HRef="image1483.gif"/>
 <o:File HRef="image1484.wmz"/>
 <o:File HRef="image1485.gif"/>
 <o:File HRef="image1486.wmz"/>
 <o:File HRef="image1487.gif"/>
 <o:File HRef="image1488.wmz"/>
 <o:File HRef="image1489.gif"/>
 <o:File HRef="image1490.wmz"/>
 <o:File HRef="image1491.gif"/>
 <o:File HRef="image1492.wmz"/>
 <o:File HRef="image1493.wmz"/>
 <o:File HRef="image1494.wmz"/>
 <o:File HRef="image1495.gif"/>
 <o:File HRef="image1496.wmz"/>
 <o:File HRef="image1497.wmz"/>
 <o:File HRef="image1498.gif"/>
 <o:File HRef="image1499.wmz"/>
 <o:File HRef="image1500.gif"/>
 <o:File HRef="image1501.wmz"/>
 <o:File HRef="image1502.gif"/>
 <o:File HRef="image1503.wmz"/>
 <o:File HRef="image1504.wmz"/>
 <o:File HRef="image1505.gif"/>
 <o:File HRef="image1506.wmz"/>
 <o:File HRef="image1507.wmz"/>
 <o:File HRef="image1508.gif"/>
 <o:File HRef="image1509.wmz"/>
 <o:File HRef="image1510.wmz"/>
 <o:File HRef="image1511.wmz"/>
 <o:File HRef="image1512.gif"/>
 <o:File HRef="image1513.wmz"/>
 <o:File HRef="image1514.gif"/>
 <o:File HRef="image1515.wmz"/>
 <o:File HRef="image1516.wmz"/>
 <o:File HRef="image1517.wmz"/>
 <o:File HRef="image1518.wmz"/>
 <o:File HRef="image1519.wmz"/>
 <o:File HRef="image1520.gif"/>
 <o:File HRef="image1521.wmz"/>
 <o:File HRef="image1522.wmz"/>
 <o:File HRef="image1523.wmz"/>
 <o:File HRef="image1524.gif"/>
 <o:File HRef="image1525.wmz"/>
 <o:File HRef="image1526.wmz"/>
 <o:File HRef="image1527.gif"/>
 <o:File HRef="image1528.wmz"/>
 <o:File HRef="image1529.gif"/>
 <o:File HRef="image1530.wmz"/>
 <o:File HRef="image1531.gif"/>
 <o:File HRef="image1532.wmz"/>
 <o:File HRef="image1533.wmz"/>
 <o:File HRef="image1534.gif"/>
 <o:File HRef="image1535.wmz"/>
 <o:File HRef="image1536.gif"/>
 <o:File HRef="image1537.wmz"/>
 <o:File HRef="image1538.gif"/>
 <o:File HRef="image1539.wmz"/>
 <o:File HRef="image1540.wmz"/>
 <o:File HRef="image1541.wmz"/>
 <o:File HRef="image1542.wmz"/>
 <o:File HRef="image1543.gif"/>
 <o:File HRef="image1544.wmz"/>
 <o:File HRef="image1545.gif"/>
 <o:File HRef="image1546.wmz"/>
 <o:File HRef="image1547.wmz"/>
 <o:File HRef="image1548.wmz"/>
 <o:File HRef="image1549.wmz"/>
 <o:File HRef="image1550.gif"/>
 <o:File HRef="image1551.wmz"/>
 <o:File HRef="image1552.wmz"/>
 <o:File HRef="image1553.wmz"/>
 <o:File HRef="image1554.wmz"/>
 <o:File HRef="image1555.wmz"/>
 <o:File HRef="image1556.wmz"/>
 <o:File HRef="image1557.wmz"/>
 <o:File HRef="image1558.gif"/>
 <o:File HRef="image1559.wmz"/>
 <o:File HRef="image1560.wmz"/>
 <o:File HRef="image1561.wmz"/>
 <o:File HRef="image1562.wmz"/>
 <o:File HRef="image1563.wmz"/>
 <o:File HRef="image1564.wmz"/>
 <o:File HRef="image1565.wmz"/>
 <o:File HRef="image1566.gif"/>
 <o:File HRef="image1567.wmz"/>
 <o:File HRef="image1568.wmz"/>
 <o:File HRef="image1569.gif"/>
 <o:File HRef="image1570.wmz"/>
 <o:File HRef="image1571.gif"/>
 <o:File HRef="image1572.wmz"/>
 <o:File HRef="image1573.wmz"/>
 <o:File HRef="image1574.wmz"/>
 <o:File HRef="image1575.gif"/>
 <o:File HRef="image1576.wmz"/>
 <o:File HRef="image1577.wmz"/>
 <o:File HRef="image1578.gif"/>
 <o:File HRef="image1579.wmz"/>
 <o:File HRef="image1580.gif"/>
 <o:File HRef="image1581.wmz"/>
 <o:File HRef="image1582.wmz"/>
 <o:File HRef="image1583.gif"/>
 <o:File HRef="image1584.wmz"/>
 <o:File HRef="image1585.gif"/>
 <o:File HRef="image1586.wmz"/>
 <o:File HRef="image1587.gif"/>
 <o:File HRef="image1588.wmz"/>
 <o:File HRef="image1589.gif"/>
 <o:File HRef="image1590.wmz"/>
 <o:File HRef="image1591.gif"/>
 <o:File HRef="image1592.wmz"/>
 <o:File HRef="image1593.wmz"/>
 <o:File HRef="image1594.gif"/>
 <o:File HRef="image1595.wmz"/>
 <o:File HRef="image1596.wmz"/>
 <o:File HRef="image1597.wmz"/>
 <o:File HRef="image1598.gif"/>
 <o:File HRef="image1599.wmz"/>
 <o:File HRef="image1600.wmz"/>
 <o:File HRef="image1601.wmz"/>
 <o:File HRef="image1602.wmz"/>
 <o:File HRef="image1603.gif"/>
 <o:File HRef="image1604.wmz"/>
 <o:File HRef="image1605.gif"/>
 <o:File HRef="image1606.wmz"/>
 <o:File HRef="image1607.wmz"/>
 <o:File HRef="image1608.gif"/>
 <o:File HRef="image1609.wmz"/>
 <o:File HRef="image1610.wmz"/>
 <o:File HRef="image1611.gif"/>
 <o:File HRef="image1612.wmz"/>
 <o:File HRef="image1613.wmz"/>
 <o:File HRef="image1614.gif"/>
 <o:File HRef="image1615.wmz"/>
 <o:File HRef="image1616.gif"/>
 <o:File HRef="image1617.wmz"/>
 <o:File HRef="image1618.wmz"/>
 <o:File HRef="image1619.gif"/>
 <o:File HRef="image1620.wmz"/>
 <o:File HRef="image1621.gif"/>
 <o:File HRef="image1622.wmz"/>
 <o:File HRef="image1623.gif"/>
 <o:File HRef="image1624.wmz"/>
 <o:File HRef="image1625.gif"/>
 <o:File HRef="image1626.wmz"/>
 <o:File HRef="image1627.gif"/>
 <o:File HRef="image1628.wmz"/>
 <o:File HRef="image1629.gif"/>
 <o:File HRef="image1630.wmz"/>
 <o:File HRef="image1631.gif"/>
 <o:File HRef="image1632.wmz"/>
 <o:File HRef="image1633.wmz"/>
 <o:File HRef="image1634.wmz"/>
 <o:File HRef="image1635.gif"/>
 <o:File HRef="image1636.wmz"/>
 <o:File HRef="image1637.wmz"/>
 <o:File HRef="image1638.gif"/>
 <o:File HRef="image1639.wmz"/>
 <o:File HRef="image1640.wmz"/>
 <o:File HRef="image1641.wmz"/>
 <o:File HRef="image1642.gif"/>
 <o:File HRef="image1643.wmz"/>
 <o:File HRef="image1644.gif"/>
 <o:File HRef="image1645.wmz"/>
 <o:File HRef="image1646.gif"/>
 <o:File HRef="image1647.wmz"/>
 <o:File HRef="image1648.gif"/>
 <o:File HRef="image1649.wmz"/>
 <o:File HRef="image1650.gif"/>
 <o:File HRef="image1651.wmz"/>
 <o:File HRef="image1652.gif"/>
 <o:File HRef="image1653.wmz"/>
 <o:File HRef="image1654.gif"/>
 <o:File HRef="image1655.wmz"/>
 <o:File HRef="image1656.gif"/>
 <o:File HRef="image1657.wmz"/>
 <o:File HRef="image1658.gif"/>
 <o:File HRef="image1659.wmz"/>
 <o:File HRef="image1660.wmz"/>
 <o:File HRef="image1661.gif"/>
 <o:File HRef="image1662.wmz"/>
 <o:File HRef="image1663.wmz"/>
 <o:File HRef="image1664.wmz"/>
 <o:File HRef="image1665.wmz"/>
 <o:File HRef="image1666.wmz"/>
 <o:File HRef="image1667.gif"/>
 <o:File HRef="image1668.wmz"/>
 <o:File HRef="image1669.wmz"/>
 <o:File HRef="image1670.gif"/>
 <o:File HRef="image1671.wmz"/>
 <o:File HRef="image1672.wmz"/>
 <o:File HRef="image1673.gif"/>
 <o:File HRef="image1674.wmz"/>
 <o:File HRef="image1675.gif"/>
 <o:File HRef="image1676.wmz"/>
 <o:File HRef="image1677.gif"/>
 <o:File HRef="image1678.wmz"/>
 <o:File HRef="image1679.gif"/>
 <o:File HRef="image1680.wmz"/>
 <o:File HRef="image1681.gif"/>
 <o:File HRef="image1682.wmz"/>
 <o:File HRef="image1683.wmz"/>
 <o:File HRef="image1684.wmz"/>
 <o:File HRef="image1685.wmz"/>
 <o:File HRef="image1686.gif"/>
 <o:File HRef="image1687.wmz"/>
 <o:File HRef="image1688.gif"/>
 <o:File HRef="image1689.wmz"/>
 <o:File HRef="image1690.gif"/>
 <o:File HRef="image1691.wmz"/>
 <o:File HRef="image1692.gif"/>
 <o:File HRef="image1693.wmz"/>
 <o:File HRef="image1694.gif"/>
 <o:File HRef="image1695.wmz"/>
 <o:File HRef="image1696.gif"/>
 <o:File HRef="image1697.wmz"/>
 <o:File HRef="image1698.wmz"/>
 <o:File HRef="image1699.gif"/>
 <o:File HRef="image1700.wmz"/>
 <o:File HRef="image1701.gif"/>
 <o:File HRef="image1702.wmz"/>
 <o:File HRef="image1703.gif"/>
 <o:File HRef="image1704.wmz"/>
 <o:File HRef="image1705.gif"/>
 <o:File HRef="image1706.wmz"/>
 <o:File HRef="image1707.wmz"/>
 <o:File HRef="image1708.wmz"/>
 <o:File HRef="image1709.gif"/>
 <o:File HRef="image1710.wmz"/>
 <o:File HRef="image1711.wmz"/>
 <o:File HRef="image1712.wmz"/>
 <o:File HRef="image1713.gif"/>
 <o:File HRef="image1714.wmz"/>
 <o:File HRef="image1715.wmz"/>
 <o:File HRef="image1716.wmz"/>
 <o:File HRef="image1717.gif"/>
 <o:File HRef="image1718.wmz"/>
 <o:File HRef="image1719.gif"/>
 <o:File HRef="image1720.wmz"/>
 <o:File HRef="image1721.gif"/>
 <o:File HRef="image1722.wmz"/>
 <o:File HRef="image1723.gif"/>
 <o:File HRef="image1724.wmz"/>
 <o:File HRef="image1725.gif"/>
 <o:File HRef="image1726.wmz"/>
 <o:File HRef="image1727.wmz"/>
 <o:File HRef="image1728.gif"/>
 <o:File HRef="image1729.wmz"/>
 <o:File HRef="image1730.wmz"/>
 <o:File HRef="image1731.gif"/>
 <o:File HRef="image1732.wmz"/>
 <o:File HRef="image1733.gif"/>
 <o:File HRef="image1734.wmz"/>
 <o:File HRef="image1735.gif"/>
 <o:File HRef="image1736.wmz"/>
 <o:File HRef="image1737.wmz"/>
 <o:File HRef="image1738.wmz"/>
 <o:File HRef="image1739.wmz"/>
 <o:File HRef="image1740.gif"/>
 <o:File HRef="image1741.wmz"/>
 <o:File HRef="image1742.gif"/>
 <o:File HRef="image1743.wmz"/>
 <o:File HRef="image1744.wmz"/>
 <o:File HRef="image1745.gif"/>
 <o:File HRef="image1746.wmz"/>
 <o:File HRef="image1747.wmz"/>
 <o:File HRef="image1748.gif"/>
 <o:File HRef="image1749.wmz"/>
 <o:File HRef="image1750.gif"/>
 <o:File HRef="image1751.wmz"/>
 <o:File HRef="image1752.gif"/>
 <o:File HRef="image1753.wmz"/>
 <o:File HRef="image1754.gif"/>
 <o:File HRef="image1755.wmz"/>
 <o:File HRef="image1756.gif"/>
 <o:File HRef="image1757.wmz"/>
 <o:File HRef="image1758.gif"/>
 <o:File HRef="image1759.wmz"/>
 <o:File HRef="image1760.gif"/>
 <o:File HRef="image1761.wmz"/>
 <o:File HRef="image1762.wmz"/>
 <o:File HRef="image1763.wmz"/>
 <o:File HRef="image1764.wmz"/>
 <o:File HRef="image1765.gif"/>
 <o:File HRef="image1766.wmz"/>
 <o:File HRef="image1767.wmz"/>
 <o:File HRef="image1768.wmz"/>
 <o:File HRef="image1769.wmz"/>
 <o:File HRef="image1770.gif"/>
 <o:File HRef="image1771.wmz"/>
 <o:File HRef="image1772.gif"/>
 <o:File HRef="image1773.wmz"/>
 <o:File HRef="image1774.gif"/>
 <o:File HRef="image1775.wmz"/>
 <o:File HRef="image1776.wmz"/>
 <o:File HRef="image1777.wmz"/>
 <o:File HRef="image1778.wmz"/>
 <o:File HRef="image1779.wmz"/>
 <o:File HRef="image1780.wmz"/>
 <o:File HRef="image1781.gif"/>
 <o:File HRef="image1782.wmz"/>
 <o:File HRef="image1783.wmz"/>
 <o:File HRef="image1784.gif"/>
 <o:File HRef="image1785.wmz"/>
 <o:File HRef="image1786.gif"/>
 <o:File HRef="image1787.wmz"/>
 <o:File HRef="image1788.wmz"/>
 <o:File HRef="image1789.gif"/>
 <o:File HRef="image1790.wmz"/>
 <o:File HRef="image1791.gif"/>
 <o:File HRef="image1792.wmz"/>
 <o:File HRef="image1793.wmz"/>
 <o:File HRef="image1794.gif"/>
 <o:File HRef="image1795.wmz"/>
 <o:File HRef="image1796.gif"/>
 <o:File HRef="image1797.wmz"/>
 <o:File HRef="image1798.gif"/>
 <o:File HRef="image1799.wmz"/>
 <o:File HRef="image1800.gif"/>
 <o:File HRef="image1801.wmz"/>
 <o:File HRef="image1802.gif"/>
 <o:File HRef="image1803.wmz"/>
 <o:File HRef="image1804.gif"/>
 <o:File HRef="image1805.wmz"/>
 <o:File HRef="image1806.gif"/>
 <o:File HRef="image1807.wmz"/>
 <o:File HRef="image1808.gif"/>
 <o:File HRef="image1809.wmz"/>
 <o:File HRef="image1810.gif"/>
 <o:File HRef="image1811.wmz"/>
 <o:File HRef="image1812.gif"/>
 <o:File HRef="image1813.wmz"/>
 <o:File HRef="image1814.gif"/>
 <o:File HRef="image1815.wmz"/>
 <o:File HRef="image1816.gif"/>
 <o:File HRef="image1817.wmz"/>
 <o:File HRef="image1818.gif"/>
 <o:File HRef="image1819.wmz"/>
 <o:File HRef="image1820.gif"/>
 <o:File HRef="image1821.wmz"/>
 <o:File HRef="image1822.gif"/>
 <o:File HRef="image1823.wmz"/>
 <o:File HRef="image1824.wmz"/>
 <o:File HRef="image1825.gif"/>
 <o:File HRef="image1826.wmz"/>
 <o:File HRef="image1827.gif"/>
 <o:File HRef="image1828.wmz"/>
 <o:File HRef="image1829.gif"/>
 <o:File HRef="image1830.wmz"/>
 <o:File HRef="image1831.gif"/>
 <o:File HRef="image1832.wmz"/>
 <o:File HRef="image1833.gif"/>
 <o:File HRef="image1834.wmz"/>
 <o:File HRef="image1835.gif"/>
 <o:File HRef="image1836.wmz"/>
 <o:File HRef="image1837.gif"/>
 <o:File HRef="image1838.wmz"/>
 <o:File HRef="image1839.gif"/>
 <o:File HRef="image1840.wmz"/>
 <o:File HRef="image1841.gif"/>
 <o:File HRef="image1842.wmz"/>
 <o:File HRef="image1843.gif"/>
 <o:File HRef="image1844.wmz"/>
 <o:File HRef="image1845.gif"/>
 <o:File HRef="image1846.wmz"/>
 <o:File HRef="image1847.gif"/>
 <o:File HRef="image1848.wmz"/>
 <o:File HRef="image1849.gif"/>
 <o:File HRef="image1850.wmz"/>
 <o:File HRef="image1851.gif"/>
 <o:File HRef="image1852.wmz"/>
 <o:File HRef="image1853.gif"/>
 <o:File HRef="image1854.wmz"/>
 <o:File HRef="image1855.wmz"/>
 <o:File HRef="image1856.wmz"/>
 <o:File HRef="image1857.gif"/>
 <o:File HRef="image1858.wmz"/>
 <o:File HRef="image1859.gif"/>
 <o:File HRef="image1860.wmz"/>
 <o:File HRef="image1861.wmz"/>
 <o:File HRef="image1862.wmz"/>
 <o:File HRef="image1863.gif"/>
 <o:File HRef="image1864.wmz"/>
 <o:File HRef="image1865.gif"/>
 <o:File HRef="image1866.wmz"/>
 <o:File HRef="image1867.wmz"/>
 <o:File HRef="image1868.wmz"/>
 <o:File HRef="image1869.wmz"/>
 <o:File HRef="image1870.gif"/>
 <o:File HRef="image1871.wmz"/>
 <o:File HRef="image1872.gif"/>
 <o:File HRef="image1873.wmz"/>
 <o:File HRef="image1874.gif"/>
 <o:File HRef="image1875.wmz"/>
 <o:File HRef="image1876.gif"/>
 <o:File HRef="image1877.wmz"/>
 <o:File HRef="image1878.gif"/>
 <o:File HRef="image1879.wmz"/>
 <o:File HRef="image1880.gif"/>
 <o:File HRef="image1881.wmz"/>
 <o:File HRef="image1882.wmz"/>
 <o:File HRef="image1883.gif"/>
 <o:File HRef="image1884.wmz"/>
 <o:File HRef="image1885.gif"/>
 <o:File HRef="image1886.wmz"/>
 <o:File HRef="image1887.gif"/>
 <o:File HRef="image1888.wmz"/>
 <o:File HRef="image1889.gif"/>
 <o:File HRef="image1890.wmz"/>
 <o:File HRef="image1891.gif"/>
 <o:File HRef="image1892.wmz"/>
 <o:File HRef="image1893.gif"/>
 <o:File HRef="image1894.wmz"/>
 <o:File HRef="image1895.gif"/>
 <o:File HRef="image1896.wmz"/>
 <o:File HRef="image1897.gif"/>
 <o:File HRef="image1898.wmz"/>
 <o:File HRef="image1899.gif"/>
 <o:File HRef="image1900.wmz"/>
 <o:File HRef="image1901.gif"/>
 <o:File HRef="image1902.wmz"/>
 <o:File HRef="image1903.gif"/>
 <o:File HRef="image1904.wmz"/>
 <o:File HRef="image1905.wmz"/>
 <o:File HRef="image1906.gif"/>
 <o:File HRef="image1907.wmz"/>
 <o:File HRef="image1908.gif"/>
 <o:File HRef="image1909.wmz"/>
 <o:File HRef="image1910.gif"/>
 <o:File HRef="image1911.wmz"/>
 <o:File HRef="image1912.gif"/>
 <o:File HRef="image1913.wmz"/>
 <o:File HRef="image1914.gif"/>
 <o:File HRef="image1915.wmz"/>
 <o:File HRef="image1916.wmz"/>
 <o:File HRef="image1917.gif"/>
 <o:File HRef="image1918.wmz"/>
 <o:File HRef="image1919.wmz"/>
 <o:File HRef="image1920.gif"/>
 <o:File HRef="image1921.wmz"/>
 <o:File HRef="image1922.gif"/>
 <o:File HRef="image1923.wmz"/>
 <o:File HRef="image1924.gif"/>
 <o:File HRef="image1925.wmz"/>
 <o:File HRef="image1926.gif"/>
 <o:File HRef="image1927.wmz"/>
 <o:File HRef="image1928.gif"/>
 <o:File HRef="image1929.wmz"/>
 <o:File HRef="image1930.gif"/>
 <o:File HRef="image1931.wmz"/>
 <o:File HRef="image1932.gif"/>
 <o:File HRef="image1933.wmz"/>
 <o:File HRef="image1934.gif"/>
 <o:File HRef="image1935.wmz"/>
 <o:File HRef="image1936.wmz"/>
 <o:File HRef="image1937.gif"/>
 <o:File HRef="image1938.wmz"/>
 <o:File HRef="image1939.gif"/>
 <o:File HRef="image1940.wmz"/>
 <o:File HRef="image1941.gif"/>
 <o:File HRef="image1942.wmz"/>
 <o:File HRef="image1943.gif"/>
 <o:File HRef="image1944.wmz"/>
 <o:File HRef="image1945.gif"/>
 <o:File HRef="image1946.wmz"/>
 <o:File HRef="image1947.gif"/>
 <o:File HRef="image1948.wmz"/>
 <o:File HRef="image1949.gif"/>
 <o:File HRef="image1950.wmz"/>
 <o:File HRef="image1951.gif"/>
 <o:File HRef="image1952.wmz"/>
 <o:File HRef="image1953.gif"/>
 <o:File HRef="image1954.wmz"/>
 <o:File HRef="image1955.gif"/>
 <o:File HRef="image1956.wmz"/>
 <o:File HRef="image1957.gif"/>
 <o:File HRef="image1958.wmz"/>
 <o:File HRef="image1959.gif"/>
 <o:File HRef="image1960.wmz"/>
 <o:File HRef="image1961.gif"/>
 <o:File HRef="image1962.wmz"/>
 <o:File HRef="image1963.gif"/>
 <o:File HRef="image1964.wmz"/>
 <o:File HRef="image1965.gif"/>
 <o:File HRef="image1966.wmz"/>
 <o:File HRef="image1967.wmz"/>
 <o:File HRef="image1968.gif"/>
 <o:File HRef="image1969.wmz"/>
 <o:File HRef="image1970.gif"/>
 <o:File HRef="image1971.wmz"/>
 <o:File HRef="image1972.wmz"/>
 <o:File HRef="image1973.gif"/>
 <o:File HRef="image1974.wmz"/>
 <o:File HRef="image1975.gif"/>
 <o:File HRef="image1976.wmz"/>
 <o:File HRef="image1977.gif"/>
 <o:File HRef="image1978.wmz"/>
 <o:File HRef="image1979.gif"/>
 <o:File HRef="image1980.wmz"/>
 <o:File HRef="image1981.gif"/>
 <o:File HRef="image1982.wmz"/>
 <o:File HRef="image1983.gif"/>
 <o:File HRef="image1984.wmz"/>
 <o:File HRef="image1985.wmz"/>
 <o:File HRef="image1986.gif"/>
 <o:File HRef="image1987.wmz"/>
 <o:File HRef="image1988.gif"/>
 <o:File HRef="image1989.wmz"/>
 <o:File HRef="image1990.gif"/>
 <o:File HRef="image1991.wmz"/>
 <o:File HRef="image1992.gif"/>
 <o:File HRef="image1993.wmz"/>
 <o:File HRef="image1994.gif"/>
 <o:File HRef="image1995.wmz"/>
 <o:File HRef="image1996.gif"/>
 <o:File HRef="image1997.wmz"/>
 <o:File HRef="image1998.wmz"/>
 <o:File HRef="image1999.gif"/>
 <o:File HRef="image2000.wmz"/>
 <o:File HRef="image2001.wmz"/>
 <o:File HRef="image2002.wmz"/>
 <o:File HRef="image2003.gif"/>
 <o:File HRef="image2004.wmz"/>
 <o:File HRef="image2005.gif"/>
 <o:File HRef="image2006.wmz"/>
 <o:File HRef="image2007.gif"/>
 <o:File HRef="image2008.wmz"/>
 <o:File HRef="image2009.gif"/>
 <o:File HRef="image2010.wmz"/>
 <o:File HRef="image2011.gif"/>
 <o:File HRef="image2012.wmz"/>
 <o:File HRef="image2013.gif"/>
 <o:File HRef="image2014.wmz"/>
 <o:File HRef="image2015.gif"/>
 <o:File HRef="image2016.wmz"/>
 <o:File HRef="image2017.gif"/>
 <o:File HRef="image2018.wmz"/>
 <o:File HRef="image2019.wmz"/>
 <o:File HRef="image2020.gif"/>
 <o:File HRef="image2021.wmz"/>
 <o:File HRef="image2022.wmz"/>
 <o:File HRef="image2023.gif"/>
 <o:File HRef="image2024.wmz"/>
 <o:File HRef="image2025.gif"/>
 <o:File HRef="image2026.wmz"/>
 <o:File HRef="image2027.gif"/>
 <o:File HRef="image2028.wmz"/>
 <o:File HRef="image2029.gif"/>
 <o:File HRef="image2030.emz"/>
 <o:File HRef="image2031.gif"/>
 <o:File HRef="image2032.wmz"/>
 <o:File HRef="image2033.wmz"/>
 <o:File HRef="image2034.gif"/>
 <o:File HRef="image2035.wmz"/>
 <o:File HRef="image2036.wmz"/>
 <o:File HRef="image2037.wmz"/>
 <o:File HRef="image2038.gif"/>
 <o:File HRef="image2039.wmz"/>
 <o:File HRef="image2040.gif"/>
 <o:File HRef="image2041.wmz"/>
 <o:File HRef="image2042.gif"/>
 <o:File HRef="image2043.wmz"/>
 <o:File HRef="image2044.gif"/>
 <o:File HRef="image2045.wmz"/>
 <o:File HRef="image2046.gif"/>
 <o:File HRef="image2047.wmz"/>
 <o:File HRef="image2048.gif"/>
 <o:File HRef="image2049.wmz"/>
 <o:File HRef="image2050.gif"/>
 <o:File HRef="image2051.wmz"/>
 <o:File HRef="image2052.wmz"/>
 <o:File HRef="image2053.gif"/>
 <o:File HRef="image2054.wmz"/>
 <o:File HRef="image2055.gif"/>
 <o:File HRef="image2056.wmz"/>
 <o:File HRef="image2057.gif"/>
 <o:File HRef="image2058.wmz"/>
 <o:File HRef="image2059.wmz"/>
 <o:File HRef="image2060.gif"/>
 <o:File HRef="image2061.wmz"/>
 <o:File HRef="image2062.gif"/>
 <o:File HRef="image2063.wmz"/>
 <o:File HRef="image2064.gif"/>
 <o:File HRef="image2065.wmz"/>
 <o:File HRef="image2066.gif"/>
 <o:File HRef="image2067.wmz"/>
 <o:File HRef="image2068.gif"/>
 <o:File HRef="image2069.wmz"/>
 <o:File HRef="image2070.gif"/>
 <o:File HRef="image2071.wmz"/>
 <o:File HRef="image2072.wmz"/>
 <o:File HRef="image2073.gif"/>
 <o:File HRef="image2074.wmz"/>
 <o:File HRef="image2075.gif"/>
 <o:File HRef="image2076.wmz"/>
 <o:File HRef="image2077.gif"/>
 <o:File HRef="image2078.wmz"/>
 <o:File HRef="image2079.gif"/>
 <o:File HRef="image2080.wmz"/>
 <o:File HRef="image2081.gif"/>
 <o:File HRef="image2082.wmz"/>
 <o:File HRef="image2083.gif"/>
 <o:File HRef="image2084.wmz"/>
 <o:File HRef="image2085.gif"/>
 <o:File HRef="image2086.wmz"/>
 <o:File HRef="image2087.gif"/>
 <o:File HRef="image2088.wmz"/>
 <o:File HRef="image2089.gif"/>
 <o:File HRef="image2090.wmz"/>
 <o:File HRef="image2091.gif"/>
 <o:File HRef="image2092.wmz"/>
 <o:File HRef="image2093.gif"/>
 <o:File HRef="image2094.wmz"/>
 <o:File HRef="image2095.gif"/>
 <o:File HRef="image2096.wmz"/>
 <o:File HRef="image2097.gif"/>
 <o:File HRef="image2098.wmz"/>
 <o:File HRef="image2099.gif"/>
 <o:File HRef="image2100.wmz"/>
 <o:File HRef="image2101.gif"/>
 <o:File HRef="image2102.wmz"/>
 <o:File HRef="image2103.wmz"/>
 <o:File HRef="image2104.wmz"/>
 <o:File HRef="image2105.gif"/>
 <o:File HRef="image2106.wmz"/>
 <o:File HRef="image2107.gif"/>
 <o:File HRef="image2108.wmz"/>
 <o:File HRef="image2109.gif"/>
 <o:File HRef="image2110.wmz"/>
 <o:File HRef="image2111.wmz"/>
 <o:File HRef="image2112.gif"/>
 <o:File HRef="image2113.wmz"/>
 <o:File HRef="image2114.wmz"/>
 <o:File HRef="image2115.gif"/>
 <o:File HRef="image2116.wmz"/>
 <o:File HRef="image2117.gif"/>
 <o:File HRef="image2118.wmz"/>
 <o:File HRef="image2119.wmz"/>
 <o:File HRef="image2120.gif"/>
 <o:File HRef="image2121.wmz"/>
 <o:File HRef="image2122.gif"/>
 <o:File HRef="image2123.wmz"/>
 <o:File HRef="image2124.gif"/>
 <o:File HRef="image2125.wmz"/>
 <o:File HRef="image2126.gif"/>
 <o:File HRef="image2127.wmz"/>
 <o:File HRef="image2128.gif"/>
 <o:File HRef="image2129.wmz"/>
 <o:File HRef="image2130.gif"/>
 <o:File HRef="image2131.wmz"/>
 <o:File HRef="image2132.gif"/>
 <o:File HRef="image2133.wmz"/>
 <o:File HRef="image2134.gif"/>
 <o:File HRef="image2135.wmz"/>
 <o:File HRef="image2136.gif"/>
 <o:File HRef="image2137.wmz"/>
 <o:File HRef="image2138.gif"/>
 <o:File HRef="image2139.wmz"/>
 <o:File HRef="image2140.gif"/>
 <o:File HRef="image2141.wmz"/>
 <o:File HRef="image2142.gif"/>
 <o:File HRef="image2143.wmz"/>
 <o:File HRef="image2144.gif"/>
 <o:File HRef="image2145.wmz"/>
 <o:File HRef="image2146.gif"/>
 <o:File HRef="image2147.wmz"/>
 <o:File HRef="image2148.gif"/>
 <o:File HRef="image2149.wmz"/>
 <o:File HRef="image2150.gif"/>
 <o:File HRef="image2151.wmz"/>
 <o:File HRef="image2152.gif"/>
 <o:File HRef="image2153.wmz"/>
 <o:File HRef="image2154.gif"/>
 <o:File HRef="image2155.wmz"/>
 <o:File HRef="image2156.gif"/>
 <o:File HRef="image2157.wmz"/>
 <o:File HRef="image2158.gif"/>
 <o:File HRef="image2159.wmz"/>
 <o:File HRef="image2160.gif"/>
 <o:File HRef="image2161.wmz"/>
 <o:File HRef="image2162.gif"/>
 <o:File HRef="image2163.wmz"/>
 <o:File HRef="image2164.gif"/>
 <o:File HRef="image2165.wmz"/>
 <o:File HRef="image2166.gif"/>
 <o:File HRef="image2167.wmz"/>
 <o:File HRef="image2168.gif"/>
 <o:File HRef="image2169.wmz"/>
 <o:File HRef="image2170.wmz"/>
 <o:File HRef="image2171.gif"/>
 <o:File HRef="image2172.wmz"/>
 <o:File HRef="image2173.gif"/>
 <o:File HRef="image2174.wmz"/>
 <o:File HRef="image2175.gif"/>
 <o:File HRef="image2176.wmz"/>
 <o:File HRef="image2177.gif"/>
 <o:File HRef="image2178.wmz"/>
 <o:File HRef="image2179.gif"/>
 <o:File HRef="image2180.wmz"/>
 <o:File HRef="image2181.wmz"/>
 <o:File HRef="image2182.wmz"/>
 <o:File HRef="image2183.wmz"/>
 <o:File HRef="image2184.wmz"/>
 <o:File HRef="image2185.gif"/>
 <o:File HRef="image2186.wmz"/>
 <o:File HRef="image2187.wmz"/>
 <o:File HRef="image2188.wmz"/>
 <o:File HRef="image2189.wmz"/>
 <o:File HRef="image2190.gif"/>
 <o:File HRef="image2191.wmz"/>
 <o:File HRef="image2192.gif"/>
 <o:File HRef="image2193.wmz"/>
 <o:File HRef="image2194.gif"/>
 <o:File HRef="image2195.wmz"/>
 <o:File HRef="image2196.gif"/>
 <o:File HRef="image2197.wmz"/>
 <o:File HRef="image2198.gif"/>
 <o:File HRef="image2199.wmz"/>
 <o:File HRef="image2200.wmz"/>
 <o:File HRef="image2201.wmz"/>
 <o:File HRef="image2202.gif"/>
 <o:File HRef="image2203.wmz"/>
 <o:File HRef="image2204.gif"/>
 <o:File HRef="image2205.wmz"/>
 <o:File HRef="image2206.gif"/>
 <o:File HRef="image2207.wmz"/>
 <o:File HRef="image2208.gif"/>
 <o:File HRef="image2209.wmz"/>
 <o:File HRef="image2210.gif"/>
 <o:File HRef="image2211.wmz"/>
 <o:File HRef="image2212.gif"/>
 <o:File HRef="image2213.wmz"/>
 <o:File HRef="image2214.gif"/>
 <o:File HRef="image2215.wmz"/>
 <o:File HRef="image2216.gif"/>
 <o:File HRef="image2217.wmz"/>
 <o:File HRef="image2218.wmz"/>
 <o:File HRef="image2219.wmz"/>
 <o:File HRef="image2220.gif"/>
 <o:File HRef="image2221.wmz"/>
 <o:File HRef="image2222.wmz"/>
 <o:File HRef="image2223.wmz"/>
 <o:File HRef="image2224.gif"/>
 <o:File HRef="image2225.wmz"/>
 <o:File HRef="image2226.gif"/>
 <o:File HRef="image2227.wmz"/>
 <o:File HRef="image2228.wmz"/>
 <o:File HRef="image2229.wmz"/>
 <o:File HRef="image2230.wmz"/>
 <o:File HRef="image2231.gif"/>
 <o:File HRef="image2232.wmz"/>
 <o:File HRef="image2233.gif"/>
 <o:File HRef="image2234.wmz"/>
 <o:File HRef="image2235.gif"/>
 <o:File HRef="image2236.wmz"/>
 <o:File HRef="image2237.gif"/>
 <o:File HRef="image2238.wmz"/>
 <o:File HRef="image2239.gif"/>
 <o:File HRef="image2240.wmz"/>
 <o:File HRef="image2241.wmz"/>
 <o:File HRef="image2242.gif"/>
 <o:File HRef="image2243.wmz"/>
 <o:File HRef="image2244.gif"/>
 <o:File HRef="image2245.wmz"/>
 <o:File HRef="image2246.gif"/>
 <o:File HRef="image2247.wmz"/>
 <o:File HRef="image2248.wmz"/>
 <o:File HRef="image2249.gif"/>
 <o:File HRef="image2250.wmz"/>
 <o:File HRef="image2251.gif"/>
 <o:File HRef="image2252.wmz"/>
 <o:File HRef="image2253.wmz"/>
 <o:File HRef="image2254.gif"/>
 <o:File HRef="image2255.wmz"/>
 <o:File HRef="image2256.gif"/>
 <o:File HRef="image2257.wmz"/>
 <o:File HRef="image2258.gif"/>
 <o:File HRef="image2259.wmz"/>
 <o:File HRef="image2260.wmz"/>
 <o:File HRef="image2261.gif"/>
 <o:File HRef="image2262.wmz"/>
 <o:File HRef="image2263.wmz"/>
 <o:File HRef="image2264.gif"/>
 <o:File HRef="image2265.wmz"/>
 <o:File HRef="image2266.gif"/>
 <o:File HRef="image2267.wmz"/>
 <o:File HRef="image2268.gif"/>
 <o:File HRef="image2269.wmz"/>
 <o:File HRef="image2270.wmz"/>
 <o:File HRef="image2271.gif"/>
 <o:File HRef="image2272.wmz"/>
 <o:File HRef="image2273.gif"/>
 <o:File HRef="image2274.wmz"/>
 <o:File HRef="image2275.gif"/>
 <o:File HRef="image2276.wmz"/>
 <o:File HRef="image2277.gif"/>
 <o:File HRef="image2278.wmz"/>
 <o:File HRef="image2279.gif"/>
 <o:File HRef="image2280.wmz"/>
 <o:File HRef="image2281.gif"/>
 <o:File HRef="image2282.wmz"/>
 <o:File HRef="image2283.wmz"/>
 <o:File HRef="image2284.gif"/>
 <o:File HRef="image2285.wmz"/>
 <o:File HRef="image2286.gif"/>
 <o:File HRef="image2287.wmz"/>
 <o:File HRef="image2288.wmz"/>
 <o:File HRef="image2289.gif"/>
 <o:File HRef="image2290.wmz"/>
 <o:File HRef="image2291.gif"/>
 <o:File HRef="image2292.wmz"/>
 <o:File HRef="image2293.wmz"/>
 <o:File HRef="image2294.wmz"/>
 <o:File HRef="image2295.gif"/>
 <o:File HRef="image2296.wmz"/>
 <o:File HRef="image2297.gif"/>
 <o:File HRef="image2298.wmz"/>
 <o:File HRef="image2299.wmz"/>
 <o:File HRef="image2300.wmz"/>
 <o:File HRef="image2301.wmz"/>
 <o:File HRef="image2302.wmz"/>
 <o:File HRef="image2303.gif"/>
 <o:File HRef="image2304.wmz"/>
 <o:File HRef="image2305.gif"/>
 <o:File HRef="image2306.wmz"/>
 <o:File HRef="image2307.wmz"/>
 <o:File HRef="image2308.wmz"/>
 <o:File HRef="image2309.gif"/>
 <o:File HRef="image2310.wmz"/>
 <o:File HRef="image2311.gif"/>
 <o:File HRef="image2312.wmz"/>
 <o:File HRef="image2313.gif"/>
 <o:File HRef="image2314.wmz"/>
 <o:File HRef="image2315.gif"/>
 <o:File HRef="image2316.wmz"/>
 <o:File HRef="image2317.wmz"/>
 <o:File HRef="image2318.gif"/>
 <o:File HRef="image2319.wmz"/>
 <o:File HRef="image2320.gif"/>
 <o:File HRef="image2321.wmz"/>
 <o:File HRef="image2322.gif"/>
 <o:File HRef="image2323.wmz"/>
 <o:File HRef="image2324.gif"/>
 <o:File HRef="image2325.wmz"/>
 <o:File HRef="image2326.gif"/>
 <o:File HRef="image2327.wmz"/>
 <o:File HRef="image2328.gif"/>
 <o:File HRef="image2329.wmz"/>
 <o:File HRef="image2330.gif"/>
 <o:File HRef="image2331.wmz"/>
 <o:File HRef="image2332.wmz"/>
 <o:File HRef="image2333.gif"/>
 <o:File HRef="image2334.wmz"/>
 <o:File HRef="image2335.wmz"/>
 <o:File HRef="image2336.gif"/>
 <o:File HRef="image2337.wmz"/>
 <o:File HRef="image2338.gif"/>
 <o:File HRef="image2339.wmz"/>
 <o:File HRef="image2340.gif"/>
 <o:File HRef="image2341.wmz"/>
 <o:File HRef="image2342.gif"/>
 <o:File HRef="image2343.wmz"/>
 <o:File HRef="image2344.wmz"/>
 <o:File HRef="image2345.gif"/>
 <o:File HRef="image2346.wmz"/>
 <o:File HRef="image2347.wmz"/>
 <o:File HRef="image2348.gif"/>
 <o:File HRef="image2349.wmz"/>
 <o:File HRef="image2350.gif"/>
 <o:File HRef="image2351.wmz"/>
 <o:File HRef="image2352.gif"/>
 <o:File HRef="image2353.wmz"/>
 <o:File HRef="image2354.wmz"/>
 <o:File HRef="image2355.gif"/>
 <o:File HRef="image2356.wmz"/>
 <o:File HRef="image2357.gif"/>
 <o:File HRef="image2358.wmz"/>
 <o:File HRef="image2359.gif"/>
 <o:File HRef="image2360.wmz"/>
 <o:File HRef="image2361.gif"/>
 <o:File HRef="image2362.wmz"/>
 <o:File HRef="image2363.gif"/>
 <o:File HRef="image2364.wmz"/>
 <o:File HRef="image2365.gif"/>
 <o:File HRef="image2366.wmz"/>
 <o:File HRef="image2367.gif"/>
 <o:File HRef="image2368.wmz"/>
 <o:File HRef="image2369.gif"/>
 <o:File HRef="image2370.wmz"/>
 <o:File HRef="image2371.wmz"/>
 <o:File HRef="image2372.gif"/>
 <o:File HRef="image2373.wmz"/>
 <o:File HRef="image2374.gif"/>
 <o:File HRef="image2375.wmz"/>
 <o:File HRef="image2376.wmz"/>
 <o:File HRef="image2377.gif"/>
 <o:File HRef="image2378.wmz"/>
 <o:File HRef="image2379.gif"/>
 <o:File HRef="image2380.wmz"/>
 <o:File HRef="image2381.gif"/>
 <o:File HRef="image2382.wmz"/>
 <o:File HRef="image2383.gif"/>
 <o:File HRef="image2384.wmz"/>
 <o:File HRef="image2385.gif"/>
 <o:File HRef="image2386.wmz"/>
 <o:File HRef="image2387.wmz"/>
 <o:File HRef="image2388.gif"/>
 <o:File HRef="image2389.wmz"/>
 <o:File HRef="image2390.gif"/>
 <o:File HRef="image2391.wmz"/>
 <o:File HRef="image2392.gif"/>
 <o:File HRef="image2393.wmz"/>
 <o:File HRef="image2394.gif"/>
 <o:File HRef="image2395.png"/>
 <o:File HRef="image2396.jpg"/>
 <o:File HRef="image2397.png"/>
 <o:File HRef="image2398.jpg"/>
 <o:File HRef="image2399.png"/>
 <o:File HRef="image2400.jpg"/>
 <o:File HRef="image2401.png"/>
 <o:File HRef="image2402.jpg"/>
 <o:File HRef="image2403.png"/>
 <o:File HRef="image2404.jpg"/>
 <o:File HRef="image2405.png"/>
 <o:File HRef="image2406.jpg"/>
 <o:File HRef="image2407.wmz"/>
 <o:File HRef="image2408.gif"/>
 <o:File HRef="image2409.wmz"/>
 <o:File HRef="image2410.gif"/>
 <o:File HRef="image2411.wmz"/>
 <o:File HRef="image2412.gif"/>
 <o:File HRef="image2413.wmz"/>
 <o:File HRef="image2414.gif"/>
 <o:File HRef="image2415.wmz"/>
 <o:File HRef="image2416.gif"/>
 <o:File HRef="image2417.png"/>
 <o:File HRef="image2418.jpg"/>
 <o:File HRef="image2419.png"/>
 <o:File HRef="image2420.jpg"/>
 <o:File HRef="image2421.png"/>
 <o:File HRef="image2422.jpg"/>
 <o:File HRef="image2423.png"/>
 <o:File HRef="image2424.jpg"/>
 <o:File HRef="image2425.png"/>
 <o:File HRef="image2426.jpg"/>
 <o:File HRef="image2427.png"/>
 <o:File HRef="image2428.jpg"/>
 <o:File HRef="image2429.wmz"/>
 <o:File HRef="image2430.gif"/>
 <o:File HRef="image2431.wmz"/>
 <o:File HRef="image2432.gif"/>
 <o:File HRef="image2433.wmz"/>
 <o:File HRef="image2434.gif"/>
 <o:File HRef="image2435.wmz"/>
 <o:File HRef="image2436.gif"/>
 <o:File HRef="image2437.wmz"/>
 <o:File HRef="image2438.gif"/>
 <o:File HRef="image2439.wmz"/>
 <o:File HRef="image2440.gif"/>
 <o:File HRef="image2441.wmz"/>
 <o:File HRef="image2442.gif"/>
 <o:File HRef="image2443.wmz"/>
 <o:File HRef="image2444.wmz"/>
 <o:File HRef="image2445.gif"/>
 <o:File HRef="image2446.wmz"/>
 <o:File HRef="image2447.gif"/>
 <o:File HRef="image2448.wmz"/>
 <o:File HRef="image2449.gif"/>
 <o:File HRef="image2450.wmz"/>
 <o:File HRef="image2451.gif"/>
 <o:File HRef="image2452.wmz"/>
 <o:File HRef="image2453.gif"/>
 <o:File HRef="image2454.wmz"/>
 <o:File HRef="image2455.gif"/>
 <o:File HRef="image2456.wmz"/>
 <o:File HRef="image2457.gif"/>
 <o:File HRef="image2458.wmz"/>
 <o:File HRef="image2459.gif"/>
 <o:File HRef="image2460.png"/>
 <o:File HRef="image2461.jpg"/>
 <o:File HRef="image2462.png"/>
 <o:File HRef="image2463.jpg"/>
 <o:File HRef="image2464.png"/>
 <o:File HRef="image2465.jpg"/>
 <o:File HRef="image2466.png"/>
 <o:File HRef="image2467.jpg"/>
 <o:File HRef="image2468.png"/>
 <o:File HRef="image2469.jpg"/>
 <o:File HRef="image2470.png"/>
 <o:File HRef="image2471.jpg"/>
 <o:File HRef="image2472.wmz"/>
 <o:File HRef="image2473.gif"/>
 <o:File HRef="image2474.wmz"/>
 <o:File HRef="image2475.gif"/>
 <o:File HRef="image2476.emz"/>
 <o:File HRef="image2477.gif"/>
 <o:File HRef="image2478.emz"/>
 <o:File HRef="image2479.gif"/>
 <o:File HRef="image2480.emz"/>
 <o:File HRef="image2481.gif"/>
 <o:File HRef="image2482.emz"/>
 <o:File HRef="image2483.gif"/>
 <o:File HRef="image2484.emz"/>
 <o:File HRef="image2485.gif"/>
 <o:File HRef="image2486.emz"/>
 <o:File HRef="image2487.gif"/>
 <o:File HRef="image2488.wmz"/>
 <o:File HRef="image2489.wmz"/>
 <o:File HRef="image2490.gif"/>
 <o:File HRef="image2491.wmz"/>
 <o:File HRef="image2492.gif"/>
 <o:File HRef="image2493.wmz"/>
 <o:File HRef="image2494.gif"/>
 <o:File HRef="image2495.wmz"/>
 <o:File HRef="image2496.gif"/>
 <o:File HRef="image2497.emz"/>
 <o:File HRef="image2498.gif"/>
 <o:File HRef="image2499.wmz"/>
 <o:File HRef="image2500.gif"/>
 <o:File HRef="image2501.wmz"/>
 <o:File HRef="image2502.gif"/>
 <o:File HRef="image2503.wmz"/>
 <o:File HRef="image2504.gif"/>
 <o:File HRef="image2505.wmz"/>
 <o:File HRef="image2506.gif"/>
 <o:File HRef="image2507.emz"/>
 <o:File HRef="image2508.gif"/>
 <o:File HRef="image2509.wmz"/>
 <o:File HRef="image2510.gif"/>
 <o:File HRef="image2511.wmz"/>
 <o:File HRef="image2512.gif"/>
 <o:File HRef="image2513.wmz"/>
 <o:File HRef="image2514.gif"/>
 <o:File HRef="image2515.wmz"/>
 <o:File HRef="image2516.gif"/>
 <o:File HRef="image2517.wmz"/>
 <o:File HRef="image2518.gif"/>
 <o:File HRef="image2519.wmz"/>
 <o:File HRef="image2520.emz"/>
 <o:File HRef="image2521.gif"/>
 <o:File HRef="image2522.wmz"/>
 <o:File HRef="image2523.gif"/>
 <o:File HRef="image2524.wmz"/>
 <o:File HRef="image2525.gif"/>
 <o:File HRef="image2526.wmz"/>
 <o:File HRef="image2527.gif"/>
 <o:File HRef="image2528.wmz"/>
 <o:File HRef="image2529.gif"/>
 <o:File HRef="image2530.wmz"/>
 <o:File HRef="image2531.gif"/>
 <o:File HRef="image2532.wmz"/>
 <o:File HRef="image2533.gif"/>
 <o:File HRef="image2534.wmz"/>
 <o:File HRef="image2535.gif"/>
 <o:File HRef="image2536.wmz"/>
 <o:File HRef="image2537.gif"/>
 <o:File HRef="image2538.wmz"/>
 <o:File HRef="image2539.gif"/>
 <o:File HRef="image2540.wmz"/>
 <o:File HRef="image2541.gif"/>
 <o:File HRef="image2542.wmz"/>
 <o:File HRef="image2543.wmz"/>
 <o:File HRef="image2544.gif"/>
 <o:File HRef="image2545.wmz"/>
 <o:File HRef="image2546.gif"/>
 <o:File HRef="image2547.wmz"/>
 <o:File HRef="image2548.gif"/>
 <o:File HRef="image2549.wmz"/>
 <o:File HRef="image2550.gif"/>
 <o:File HRef="image2551.wmz"/>
 <o:File HRef="image2552.gif"/>
 <o:File HRef="image2553.wmz"/>
 <o:File HRef="image2554.gif"/>
 <o:File HRef="image2555.wmz"/>
 <o:File HRef="image2556.wmz"/>
 <o:File HRef="image2557.wmz"/>
 <o:File HRef="image2558.wmz"/>
 <o:File HRef="image2559.wmz"/>
 <o:File HRef="image2560.wmz"/>
 <o:File HRef="image2561.wmz"/>
 <o:File HRef="image2562.wmz"/>
 <o:File HRef="image2563.wmz"/>
 <o:File HRef="image2564.gif"/>
 <o:File HRef="image2565.wmz"/>
 <o:File HRef="image2566.gif"/>
 <o:File HRef="image2567.wmz"/>
 <o:File HRef="image2568.gif"/>
 <o:File HRef="image2569.wmz"/>
 <o:File HRef="image2570.gif"/>
 <o:File HRef="image2571.wmz"/>
 <o:File HRef="image2572.wmz"/>
 <o:File HRef="image2573.gif"/>
 <o:File HRef="image2574.wmz"/>
 <o:File HRef="image2575.wmz"/>
 <o:File HRef="image2576.gif"/>
 <o:File HRef="image2577.wmz"/>
 <o:File HRef="image2578.gif"/>
 <o:File HRef="image2579.wmz"/>
 <o:File HRef="image2580.gif"/>
 <o:File HRef="image2581.wmz"/>
 <o:File HRef="image2582.gif"/>
 <o:File HRef="image2583.wmz"/>
 <o:File HRef="image2584.gif"/>
 <o:File HRef="image2585.wmz"/>
 <o:File HRef="image2586.gif"/>
 <o:File HRef="image2587.wmz"/>
 <o:File HRef="image2588.wmz"/>
 <o:File HRef="image2589.gif"/>
 <o:File HRef="image2590.wmz"/>
 <o:File HRef="image2591.gif"/>
 <o:File HRef="image2592.wmz"/>
 <o:File HRef="image2593.wmz"/>
 <o:File HRef="image2594.wmz"/>
 <o:File HRef="image2595.wmz"/>
 <o:File HRef="image2596.wmz"/>
 <o:File HRef="image2597.wmz"/>
 <o:File HRef="image2598.wmz"/>
 <o:File HRef="image2599.gif"/>
 <o:File HRef="image2600.gif"/>
 <o:File HRef="image2601.wmz"/>
 <o:File HRef="image2602.gif"/>
 <o:File HRef="image2603.wmz"/>
 <o:File HRef="image2604.wmz"/>
 <o:File HRef="image2605.gif"/>
 <o:File HRef="image2606.wmz"/>
 <o:File HRef="image2607.wmz"/>
 <o:File HRef="image2608.wmz"/>
 <o:File HRef="image2609.wmz"/>
 <o:File HRef="image2610.gif"/>
 <o:File HRef="image2611.wmz"/>
 <o:File HRef="image2612.wmz"/>
 <o:File HRef="image2613.gif"/>
 <o:File HRef="image2614.wmz"/>
 <o:File HRef="image2615.wmz"/>
 <o:File HRef="image2616.wmz"/>
 <o:File HRef="image2617.gif"/>
 <o:File HRef="image2618.wmz"/>
 <o:File HRef="image2619.gif"/>
 <o:File HRef="image2620.wmz"/>
 <o:File HRef="image2621.gif"/>
 <o:File HRef="image2622.wmz"/>
 <o:File HRef="image2623.gif"/>
 <o:File HRef="image2624.wmz"/>
 <o:File HRef="image2625.wmz"/>
 <o:File HRef="image2626.gif"/>
 <o:File HRef="image2627.wmz"/>
 <o:File HRef="image2628.wmz"/>
 <o:File HRef="image2629.wmz"/>
 <o:File HRef="image2630.gif"/>
 <o:File HRef="image2631.wmz"/>
 <o:File HRef="image2632.gif"/>
 <o:File HRef="image2633.wmz"/>
 <o:File HRef="image2634.gif"/>
 <o:File HRef="image2635.wmz"/>
 <o:File HRef="image2636.gif"/>
 <o:File HRef="image2637.wmz"/>
 <o:File HRef="image2638.gif"/>
 <o:File HRef="image2639.wmz"/>
 <o:File HRef="image2640.gif"/>
 <o:File HRef="image2641.wmz"/>
 <o:File HRef="image2642.gif"/>
 <o:File HRef="image2643.wmz"/>
 <o:File HRef="image2644.wmz"/>
 <o:File HRef="image2645.gif"/>
 <o:File HRef="image2646.wmz"/>
 <o:File HRef="image2647.gif"/>
 <o:File HRef="image2648.wmz"/>
 <o:File HRef="image2649.gif"/>
 <o:File HRef="image2650.wmz"/>
 <o:File HRef="image2651.gif"/>
 <o:File HRef="image2652.wmz"/>
 <o:File HRef="image2653.gif"/>
 <o:File HRef="image2654.wmz"/>
 <o:File HRef="image2655.wmz"/>
 <o:File HRef="image2656.gif"/>
 <o:File HRef="image2657.wmz"/>
 <o:File HRef="image2658.wmz"/>
 <o:File HRef="image2659.wmz"/>
 <o:File HRef="image2660.gif"/>
 <o:File HRef="image2661.wmz"/>
 <o:File HRef="image2662.wmz"/>
 <o:File HRef="image2663.gif"/>
 <o:File HRef="image2664.wmz"/>
 <o:File HRef="image2665.gif"/>
 <o:File HRef="image2666.wmz"/>
 <o:File HRef="image2667.gif"/>
 <o:File HRef="image2668.wmz"/>
 <o:File HRef="image2669.gif"/>
 <o:File HRef="image2670.wmz"/>
 <o:File HRef="image2671.gif"/>
 <o:File HRef="image2672.wmz"/>
 <o:File HRef="image2673.gif"/>
 <o:File HRef="image2674.wmz"/>
 <o:File HRef="image2675.gif"/>
 <o:File HRef="image2676.wmz"/>
 <o:File HRef="image2677.wmz"/>
 <o:File HRef="image2678.wmz"/>
 <o:File HRef="image2679.gif"/>
 <o:File HRef="image2680.wmz"/>
 <o:File HRef="image2681.gif"/>
 <o:File HRef="image2682.wmz"/>
 <o:File HRef="image2683.gif"/>
 <o:File HRef="image2684.wmz"/>
 <o:File HRef="image2685.gif"/>
 <o:File HRef="filelist.xml"/>
</xml>