<xml xmlns:o="urn:schemas-microsoft-com:office:office">
 <o:MainFile HRef="../LPpoPP.htm"/>
 <o:File HRef="image001.wmz"/>
 <o:File HRef="image002.gif"/>
 <o:File HRef="oledata.mso"/>
 <o:File HRef="image003.wmz"/>
 <o:File HRef="image004.gif"/>
 <o:File HRef="image005.wmz"/>
 <o:File HRef="image006.gif"/>
 <o:File HRef="image007.wmz"/>
 <o:File HRef="image008.gif"/>
 <o:File HRef="image009.wmz"/>
 <o:File HRef="image010.gif"/>
 <o:File HRef="image011.wmz"/>
 <o:File HRef="image012.gif"/>
 <o:File HRef="image013.wmz"/>
 <o:File HRef="image014.gif"/>
 <o:File HRef="image015.wmz"/>
 <o:File HRef="image016.gif"/>
 <o:File HRef="image017.wmz"/>
 <o:File HRef="image018.gif"/>
 <o:File HRef="image019.wmz"/>
 <o:File HRef="image020.gif"/>
 <o:File HRef="image021.wmz"/>
 <o:File HRef="image022.wmz"/>
 <o:File HRef="image023.gif"/>
 <o:File HRef="image024.wmz"/>
 <o:File HRef="image025.gif"/>
 <o:File HRef="image026.wmz"/>
 <o:File HRef="image027.gif"/>
 <o:File HRef="image028.wmz"/>
 <o:File HRef="image029.gif"/>
 <o:File HRef="image030.wmz"/>
 <o:File HRef="image031.gif"/>
 <o:File HRef="image032.wmz"/>
 <o:File HRef="image033.gif"/>
 <o:File HRef="image034.wmz"/>
 <o:File HRef="image035.gif"/>
 <o:File HRef="image036.wmz"/>
 <o:File HRef="image037.gif"/>
 <o:File HRef="image038.wmz"/>
 <o:File HRef="image039.gif"/>
 <o:File HRef="image040.wmz"/>
 <o:File HRef="image041.gif"/>
 <o:File HRef="image042.wmz"/>
 <o:File HRef="image043.gif"/>
 <o:File HRef="image044.wmz"/>
 <o:File HRef="image045.gif"/>
 <o:File HRef="image046.wmz"/>
 <o:File HRef="image047.gif"/>
 <o:File HRef="image048.wmz"/>
 <o:File HRef="image049.gif"/>
 <o:File HRef="image050.wmz"/>
 <o:File HRef="image051.wmz"/>
 <o:File HRef="image052.wmz"/>
 <o:File HRef="image053.gif"/>
 <o:File HRef="image054.wmz"/>
 <o:File HRef="image055.gif"/>
 <o:File HRef="image056.wmz"/>
 <o:File HRef="image057.gif"/>
 <o:File HRef="image058.wmz"/>
 <o:File HRef="image059.gif"/>
 <o:File HRef="image060.wmz"/>
 <o:File HRef="image061.wmz"/>
 <o:File HRef="image062.gif"/>
 <o:File HRef="image063.wmz"/>
 <o:File HRef="image064.gif"/>
 <o:File HRef="image065.wmz"/>
 <o:File HRef="image066.gif"/>
 <o:File HRef="image067.wmz"/>
 <o:File HRef="image068.gif"/>
 <o:File HRef="image069.wmz"/>
 <o:File HRef="image070.gif"/>
 <o:File HRef="image071.wmz"/>
 <o:File HRef="image072.gif"/>
 <o:File HRef="image073.wmz"/>
 <o:File HRef="image074.gif"/>
 <o:File HRef="image075.wmz"/>
 <o:File HRef="image076.gif"/>
 <o:File HRef="image077.wmz"/>
 <o:File HRef="image078.gif"/>
 <o:File HRef="image079.wmz"/>
 <o:File HRef="image080.gif"/>
 <o:File HRef="image081.wmz"/>
 <o:File HRef="image082.gif"/>
 <o:File HRef="image083.wmz"/>
 <o:File HRef="image084.gif"/>
 <o:File HRef="image085.wmz"/>
 <o:File HRef="image086.wmz"/>
 <o:File HRef="image087.wmz"/>
 <o:File HRef="image088.wmz"/>
 <o:File HRef="image089.wmz"/>
 <o:File HRef="image090.gif"/>
 <o:File HRef="image091.wmz"/>
 <o:File HRef="image092.wmz"/>
 <o:File HRef="image093.wmz"/>
 <o:File HRef="image094.wmz"/>
 <o:File HRef="image095.gif"/>
 <o:File HRef="image096.wmz"/>
 <o:File HRef="image097.gif"/>
 <o:File HRef="image098.wmz"/>
 <o:File HRef="image099.gif"/>
 <o:File HRef="image100.wmz"/>
 <o:File HRef="image101.wmz"/>
 <o:File HRef="image102.gif"/>
 <o:File HRef="image103.wmz"/>
 <o:File HRef="image104.wmz"/>
 <o:File HRef="image105.gif"/>
 <o:File HRef="image106.wmz"/>
 <o:File HRef="image107.wmz"/>
 <o:File HRef="image108.wmz"/>
 <o:File HRef="image109.wmz"/>
 <o:File HRef="image110.wmz"/>
 <o:File HRef="image111.wmz"/>
 <o:File HRef="image112.wmz"/>
 <o:File HRef="image113.gif"/>
 <o:File HRef="image114.wmz"/>
 <o:File HRef="image115.gif"/>
 <o:File HRef="image116.wmz"/>
 <o:File HRef="image117.wmz"/>
 <o:File HRef="image118.gif"/>
 <o:File HRef="image119.wmz"/>
 <o:File HRef="image120.wmz"/>
 <o:File HRef="image121.gif"/>
 <o:File HRef="image122.wmz"/>
 <o:File HRef="image123.wmz"/>
 <o:File HRef="image124.wmz"/>
 <o:File HRef="image125.gif"/>
 <o:File HRef="image126.wmz"/>
 <o:File HRef="image127.wmz"/>
 <o:File HRef="image128.wmz"/>
 <o:File HRef="image129.wmz"/>
 <o:File HRef="image130.wmz"/>
 <o:File HRef="image131.wmz"/>
 <o:File HRef="image132.gif"/>
 <o:File HRef="image133.wmz"/>
 <o:File HRef="image134.gif"/>
 <o:File HRef="image135.wmz"/>
 <o:File HRef="image136.gif"/>
 <o:File HRef="image137.wmz"/>
 <o:File HRef="image138.gif"/>
 <o:File HRef="image139.wmz"/>
 <o:File HRef="image140.gif"/>
 <o:File HRef="image141.wmz"/>
 <o:File HRef="image142.gif"/>
 <o:File HRef="image143.wmz"/>
 <o:File HRef="image144.wmz"/>
 <o:File HRef="image145.wmz"/>
 <o:File HRef="image146.gif"/>
 <o:File HRef="image147.wmz"/>
 <o:File HRef="image148.wmz"/>
 <o:File HRef="image149.gif"/>
 <o:File HRef="image150.wmz"/>
 <o:File HRef="image151.gif"/>
 <o:File HRef="image152.wmz"/>
 <o:File HRef="image153.wmz"/>
 <o:File HRef="image154.wmz"/>
 <o:File HRef="image155.gif"/>
 <o:File HRef="image156.wmz"/>
 <o:File HRef="image157.gif"/>
 <o:File HRef="image158.wmz"/>
 <o:File HRef="image159.wmz"/>
 <o:File HRef="image160.wmz"/>
 <o:File HRef="image161.gif"/>
 <o:File HRef="image162.wmz"/>
 <o:File HRef="image163.gif"/>
 <o:File HRef="image164.wmz"/>
 <o:File HRef="image165.gif"/>
 <o:File HRef="image166.wmz"/>
 <o:File HRef="image167.gif"/>
 <o:File HRef="image168.wmz"/>
 <o:File HRef="image169.gif"/>
 <o:File HRef="image170.wmz"/>
 <o:File HRef="image171.gif"/>
 <o:File HRef="image172.wmz"/>
 <o:File HRef="image173.gif"/>
 <o:File HRef="image174.wmz"/>
 <o:File HRef="image175.gif"/>
 <o:File HRef="image176.wmz"/>
 <o:File HRef="image177.gif"/>
 <o:File HRef="image178.wmz"/>
 <o:File HRef="image179.gif"/>
 <o:File HRef="image180.wmz"/>
 <o:File HRef="image181.gif"/>
 <o:File HRef="image182.wmz"/>
 <o:File HRef="image183.gif"/>
 <o:File HRef="image184.wmz"/>
 <o:File HRef="image185.gif"/>
 <o:File HRef="image186.wmz"/>
 <o:File HRef="image187.wmz"/>
 <o:File HRef="image188.gif"/>
 <o:File HRef="image189.wmz"/>
 <o:File HRef="image190.gif"/>
 <o:File HRef="image191.wmz"/>
 <o:File HRef="image192.gif"/>
 <o:File HRef="image193.wmz"/>
 <o:File HRef="image194.gif"/>
 <o:File HRef="image195.wmz"/>
 <o:File HRef="image196.gif"/>
 <o:File HRef="image197.wmz"/>
 <o:File HRef="image198.gif"/>
 <o:File HRef="image199.wmz"/>
 <o:File HRef="image200.gif"/>
 <o:File HRef="image201.wmz"/>
 <o:File HRef="image202.gif"/>
 <o:File HRef="image203.wmz"/>
 <o:File HRef="image204.gif"/>
 <o:File HRef="image205.wmz"/>
 <o:File HRef="image206.gif"/>
 <o:File HRef="image207.wmz"/>
 <o:File HRef="image208.gif"/>
 <o:File HRef="image209.wmz"/>
 <o:File HRef="image210.gif"/>
 <o:File HRef="image211.wmz"/>
 <o:File HRef="image212.wmz"/>
 <o:File HRef="image213.wmz"/>
 <o:File HRef="image214.wmz"/>
 <o:File HRef="image215.gif"/>
 <o:File HRef="image216.wmz"/>
 <o:File HRef="image217.wmz"/>
 <o:File HRef="image218.gif"/>
 <o:File HRef="image219.wmz"/>
 <o:File HRef="image220.gif"/>
 <o:File HRef="image221.wmz"/>
 <o:File HRef="image222.wmz"/>
 <o:File HRef="image223.gif"/>
 <o:File HRef="image224.wmz"/>
 <o:File HRef="image225.gif"/>
 <o:File HRef="image226.wmz"/>
 <o:File HRef="image227.gif"/>
 <o:File HRef="image228.wmz"/>
 <o:File HRef="image229.gif"/>
 <o:File HRef="image230.wmz"/>
 <o:File HRef="image231.wmz"/>
 <o:File HRef="image232.gif"/>
 <o:File HRef="image233.wmz"/>
 <o:File HRef="image234.gif"/>
 <o:File HRef="image235.wmz"/>
 <o:File HRef="image236.gif"/>
 <o:File HRef="image237.wmz"/>
 <o:File HRef="image238.gif"/>
 <o:File HRef="image239.wmz"/>
 <o:File HRef="image240.wmz"/>
 <o:File HRef="image241.wmz"/>
 <o:File HRef="image242.gif"/>
 <o:File HRef="image243.wmz"/>
 <o:File HRef="image244.wmz"/>
 <o:File HRef="image245.gif"/>
 <o:File HRef="image246.wmz"/>
 <o:File HRef="image247.wmz"/>
 <o:File HRef="image248.wmz"/>
 <o:File HRef="image249.gif"/>
 <o:File HRef="image250.wmz"/>
 <o:File HRef="image251.gif"/>
 <o:File HRef="image252.wmz"/>
 <o:File HRef="image253.gif"/>
 <o:File HRef="image254.wmz"/>
 <o:File HRef="image255.wmz"/>
 <o:File HRef="image256.wmz"/>
 <o:File HRef="image257.wmz"/>
 <o:File HRef="image258.gif"/>
 <o:File HRef="image259.wmz"/>
 <o:File HRef="image260.gif"/>
 <o:File HRef="image261.wmz"/>
 <o:File HRef="image262.gif"/>
 <o:File HRef="image263.wmz"/>
 <o:File HRef="image264.gif"/>
 <o:File HRef="image265.wmz"/>
 <o:File HRef="image266.gif"/>
 <o:File HRef="image267.wmz"/>
 <o:File HRef="image268.gif"/>
 <o:File HRef="image269.wmz"/>
 <o:File HRef="image270.wmz"/>
 <o:File HRef="image271.wmz"/>
 <o:File HRef="image272.wmz"/>
 <o:File HRef="image273.wmz"/>
 <o:File HRef="image274.wmz"/>
 <o:File HRef="image275.gif"/>
 <o:File HRef="image276.wmz"/>
 <o:File HRef="image277.gif"/>
 <o:File HRef="image278.wmz"/>
 <o:File HRef="image279.gif"/>
 <o:File HRef="image280.wmz"/>
 <o:File HRef="image281.gif"/>
 <o:File HRef="image282.wmz"/>
 <o:File HRef="image283.gif"/>
 <o:File HRef="image284.wmz"/>
 <o:File HRef="image285.wmz"/>
 <o:File HRef="image286.wmz"/>
 <o:File HRef="image287.gif"/>
 <o:File HRef="image288.wmz"/>
 <o:File HRef="image289.wmz"/>
 <o:File HRef="image290.gif"/>
 <o:File HRef="image291.wmz"/>
 <o:File HRef="image292.wmz"/>
 <o:File HRef="image293.wmz"/>
 <o:File HRef="image294.gif"/>
 <o:File HRef="image295.wmz"/>
 <o:File HRef="image296.wmz"/>
 <o:File HRef="image297.wmz"/>
 <o:File HRef="image298.wmz"/>
 <o:File HRef="image299.wmz"/>
 <o:File HRef="image300.wmz"/>
 <o:File HRef="image301.wmz"/>
 <o:File HRef="image302.gif"/>
 <o:File HRef="image303.wmz"/>
 <o:File HRef="image304.gif"/>
 <o:File HRef="image305.wmz"/>
 <o:File HRef="image306.gif"/>
 <o:File HRef="image307.wmz"/>
 <o:File HRef="image308.wmz"/>
 <o:File HRef="image309.wmz"/>
 <o:File HRef="image310.wmz"/>
 <o:File HRef="image311.wmz"/>
 <o:File HRef="image312.wmz"/>
 <o:File HRef="image313.wmz"/>
 <o:File HRef="image314.gif"/>
 <o:File HRef="image315.wmz"/>
 <o:File HRef="image316.gif"/>
 <o:File HRef="image317.wmz"/>
 <o:File HRef="image318.gif"/>
 <o:File HRef="image319.wmz"/>
 <o:File HRef="image320.gif"/>
 <o:File HRef="image321.wmz"/>
 <o:File HRef="image322.gif"/>
 <o:File HRef="image323.wmz"/>
 <o:File HRef="image324.gif"/>
 <o:File HRef="image325.wmz"/>
 <o:File HRef="image326.gif"/>
 <o:File HRef="image327.wmz"/>
 <o:File HRef="image328.gif"/>
 <o:File HRef="image329.wmz"/>
 <o:File HRef="image330.gif"/>
 <o:File HRef="image331.wmz"/>
 <o:File HRef="image332.gif"/>
 <o:File HRef="image333.wmz"/>
 <o:File HRef="image334.gif"/>
 <o:File HRef="image335.wmz"/>
 <o:File HRef="image336.gif"/>
 <o:File HRef="image337.wmz"/>
 <o:File HRef="image338.gif"/>
 <o:File HRef="image339.wmz"/>
 <o:File HRef="image340.gif"/>
 <o:File HRef="image341.wmz"/>
 <o:File HRef="image342.gif"/>
 <o:File HRef="image343.wmz"/>
 <o:File HRef="image344.gif"/>
 <o:File HRef="image345.wmz"/>
 <o:File HRef="image346.gif"/>
 <o:File HRef="image347.wmz"/>
 <o:File HRef="image348.wmz"/>
 <o:File HRef="image349.gif"/>
 <o:File HRef="image350.wmz"/>
 <o:File HRef="image351.gif"/>
 <o:File HRef="image352.wmz"/>
 <o:File HRef="image353.wmz"/>
 <o:File HRef="image354.gif"/>
 <o:File HRef="image355.wmz"/>
 <o:File HRef="image356.wmz"/>
 <o:File HRef="image357.gif"/>
 <o:File HRef="image358.emz"/>
 <o:File HRef="image359.gif"/>
 <o:File HRef="image360.wmz"/>
 <o:File HRef="image361.gif"/>
 <o:File HRef="image362.wmz"/>
 <o:File HRef="image363.gif"/>
 <o:File HRef="image364.wmz"/>
 <o:File HRef="image365.gif"/>
 <o:File HRef="image366.wmz"/>
 <o:File HRef="image367.gif"/>
 <o:File HRef="image368.wmz"/>
 <o:File HRef="image369.gif"/>
 <o:File HRef="image370.wmz"/>
 <o:File HRef="image371.gif"/>
 <o:File HRef="image372.wmz"/>
 <o:File HRef="image373.gif"/>
 <o:File HRef="image374.wmz"/>
 <o:File HRef="image375.gif"/>
 <o:File HRef="image376.wmz"/>
 <o:File HRef="image377.gif"/>
 <o:File HRef="image378.wmz"/>
 <o:File HRef="image379.wmz"/>
 <o:File HRef="image380.wmz"/>
 <o:File HRef="image381.gif"/>
 <o:File HRef="image382.wmz"/>
 <o:File HRef="image383.gif"/>
 <o:File HRef="image384.wmz"/>
 <o:File HRef="image385.gif"/>
 <o:File HRef="image386.wmz"/>
 <o:File HRef="image387.gif"/>
 <o:File HRef="image388.wmz"/>
 <o:File HRef="image389.gif"/>
 <o:File HRef="image390.wmz"/>
 <o:File HRef="image391.gif"/>
 <o:File HRef="image392.wmz"/>
 <o:File HRef="image393.gif"/>
 <o:File HRef="image394.wmz"/>
 <o:File HRef="image395.gif"/>
 <o:File HRef="image396.wmz"/>
 <o:File HRef="image397.gif"/>
 <o:File HRef="image398.wmz"/>
 <o:File HRef="image399.gif"/>
 <o:File HRef="image400.wmz"/>
 <o:File HRef="image401.gif"/>
 <o:File HRef="image402.wmz"/>
 <o:File HRef="image403.gif"/>
 <o:File HRef="image404.wmz"/>
 <o:File HRef="image405.gif"/>
 <o:File HRef="image406.wmz"/>
 <o:File HRef="image407.gif"/>
 <o:File HRef="image408.wmz"/>
 <o:File HRef="image409.gif"/>
 <o:File HRef="image410.wmz"/>
 <o:File HRef="image411.gif"/>
 <o:File HRef="image412.wmz"/>
 <o:File HRef="image413.gif"/>
 <o:File HRef="image414.wmz"/>
 <o:File HRef="image415.gif"/>
 <o:File HRef="image416.wmz"/>
 <o:File HRef="image417.gif"/>
 <o:File HRef="image418.wmz"/>
 <o:File HRef="image419.wmz"/>
 <o:File HRef="image420.wmz"/>
 <o:File HRef="image421.wmz"/>
 <o:File HRef="image422.wmz"/>
 <o:File HRef="image423.emz"/>
 <o:File HRef="image424.gif"/>
 <o:File HRef="image425.wmz"/>
 <o:File HRef="image426.gif"/>
 <o:File HRef="image427.wmz"/>
 <o:File HRef="image428.gif"/>
 <o:File HRef="image429.wmz"/>
 <o:File HRef="image430.wmz"/>
 <o:File HRef="image431.gif"/>
 <o:File HRef="image432.wmz"/>
 <o:File HRef="image433.gif"/>
 <o:File HRef="image434.wmz"/>
 <o:File HRef="image435.gif"/>
 <o:File HRef="image436.wmz"/>
 <o:File HRef="image437.gif"/>
 <o:File HRef="image438.wmz"/>
 <o:File HRef="image439.gif"/>
 <o:File HRef="image440.wmz"/>
 <o:File HRef="image441.gif"/>
 <o:File HRef="image442.wmz"/>
 <o:File HRef="image443.wmz"/>
 <o:File HRef="image444.wmz"/>
 <o:File HRef="image445.gif"/>
 <o:File HRef="image446.wmz"/>
 <o:File HRef="image447.gif"/>
 <o:File HRef="image448.wmz"/>
 <o:File HRef="image449.gif"/>
 <o:File HRef="image450.wmz"/>
 <o:File HRef="image451.gif"/>
 <o:File HRef="image452.wmz"/>
 <o:File HRef="image453.gif"/>
 <o:File HRef="image454.wmz"/>
 <o:File HRef="image455.gif"/>
 <o:File HRef="image456.wmz"/>
 <o:File HRef="image457.wmz"/>
 <o:File HRef="image458.wmz"/>
 <o:File HRef="image459.wmz"/>
 <o:File HRef="image460.wmz"/>
 <o:File HRef="image461.wmz"/>
 <o:File HRef="image462.gif"/>
 <o:File HRef="image463.wmz"/>
 <o:File HRef="image464.wmz"/>
 <o:File HRef="image465.gif"/>
 <o:File HRef="image466.wmz"/>
 <o:File HRef="image467.wmz"/>
 <o:File HRef="image468.gif"/>
 <o:File HRef="image469.wmz"/>
 <o:File HRef="image470.gif"/>
 <o:File HRef="image471.wmz"/>
 <o:File HRef="image472.wmz"/>
 <o:File HRef="image473.gif"/>
 <o:File HRef="image474.wmz"/>
 <o:File HRef="image475.gif"/>
 <o:File HRef="image476.wmz"/>
 <o:File HRef="image477.wmz"/>
 <o:File HRef="image478.wmz"/>
 <o:File HRef="image479.wmz"/>
 <o:File HRef="image480.gif"/>
 <o:File HRef="image481.wmz"/>
 <o:File HRef="image482.gif"/>
 <o:File HRef="image483.wmz"/>
 <o:File HRef="image484.gif"/>
 <o:File HRef="image485.wmz"/>
 <o:File HRef="image486.gif"/>
 <o:File HRef="image487.wmz"/>
 <o:File HRef="image488.gif"/>
 <o:File HRef="image489.wmz"/>
 <o:File HRef="image490.gif"/>
 <o:File HRef="image491.wmz"/>
 <o:File HRef="image492.gif"/>
 <o:File HRef="image493.wmz"/>
 <o:File HRef="image494.gif"/>
 <o:File HRef="image495.wmz"/>
 <o:File HRef="image496.gif"/>
 <o:File HRef="image497.wmz"/>
 <o:File HRef="image498.gif"/>
 <o:File HRef="image499.wmz"/>
 <o:File HRef="image500.wmz"/>
 <o:File HRef="image501.gif"/>
 <o:File HRef="image502.wmz"/>
 <o:File HRef="image503.wmz"/>
 <o:File HRef="image504.wmz"/>
 <o:File HRef="image505.wmz"/>
 <o:File HRef="image506.wmz"/>
 <o:File HRef="image507.wmz"/>
 <o:File HRef="image508.gif"/>
 <o:File HRef="image509.wmz"/>
 <o:File HRef="image510.wmz"/>
 <o:File HRef="image511.gif"/>
 <o:File HRef="image512.wmz"/>
 <o:File HRef="image513.wmz"/>
 <o:File HRef="image514.wmz"/>
 <o:File HRef="image515.gif"/>
 <o:File HRef="image516.wmz"/>
 <o:File HRef="image517.wmz"/>
 <o:File HRef="image518.wmz"/>
 <o:File HRef="image519.wmz"/>
 <o:File HRef="image520.wmz"/>
 <o:File HRef="image521.gif"/>
 <o:File HRef="image522.wmz"/>
 <o:File HRef="image523.gif"/>
 <o:File HRef="image524.wmz"/>
 <o:File HRef="image525.wmz"/>
 <o:File HRef="image526.wmz"/>
 <o:File HRef="image527.gif"/>
 <o:File HRef="image528.wmz"/>
 <o:File HRef="image529.wmz"/>
 <o:File HRef="image530.wmz"/>
 <o:File HRef="image531.wmz"/>
 <o:File HRef="image532.wmz"/>
 <o:File HRef="image533.wmz"/>
 <o:File HRef="image534.wmz"/>
 <o:File HRef="image535.wmz"/>
 <o:File HRef="image536.gif"/>
 <o:File HRef="image537.wmz"/>
 <o:File HRef="image538.wmz"/>
 <o:File HRef="image539.wmz"/>
 <o:File HRef="image540.wmz"/>
 <o:File HRef="image541.wmz"/>
 <o:File HRef="image542.wmz"/>
 <o:File HRef="image543.wmz"/>
 <o:File HRef="image544.wmz"/>
 <o:File HRef="image545.wmz"/>
 <o:File HRef="image546.wmz"/>
 <o:File HRef="image547.wmz"/>
 <o:File HRef="image548.wmz"/>
 <o:File HRef="image549.gif"/>
 <o:File HRef="image550.wmz"/>
 <o:File HRef="image551.wmz"/>
 <o:File HRef="image552.wmz"/>
 <o:File HRef="image553.gif"/>
 <o:File HRef="image554.wmz"/>
 <o:File HRef="image555.wmz"/>
 <o:File HRef="image556.wmz"/>
 <o:File HRef="image557.wmz"/>
 <o:File HRef="image558.gif"/>
 <o:File HRef="image559.wmz"/>
 <o:File HRef="image560.gif"/>
 <o:File HRef="image561.wmz"/>
 <o:File HRef="image562.wmz"/>
 <o:File HRef="image563.wmz"/>
 <o:File HRef="image564.wmz"/>
 <o:File HRef="image565.wmz"/>
 <o:File HRef="image566.wmz"/>
 <o:File HRef="image567.wmz"/>
 <o:File HRef="image568.gif"/>
 <o:File HRef="image569.wmz"/>
 <o:File HRef="image570.gif"/>
 <o:File HRef="image571.wmz"/>
 <o:File HRef="image572.wmz"/>
 <o:File HRef="image573.gif"/>
 <o:File HRef="image574.wmz"/>
 <o:File HRef="image575.wmz"/>
 <o:File HRef="image576.gif"/>
 <o:File HRef="image577.wmz"/>
 <o:File HRef="image578.gif"/>
 <o:File HRef="image579.wmz"/>
 <o:File HRef="image580.gif"/>
 <o:File HRef="image581.wmz"/>
 <o:File HRef="image582.wmz"/>
 <o:File HRef="image583.wmz"/>
 <o:File HRef="image584.gif"/>
 <o:File HRef="image585.wmz"/>
 <o:File HRef="image586.wmz"/>
 <o:File HRef="image587.gif"/>
 <o:File HRef="image588.wmz"/>
 <o:File HRef="image589.wmz"/>
 <o:File HRef="image590.gif"/>
 <o:File HRef="image591.wmz"/>
 <o:File HRef="image592.gif"/>
 <o:File HRef="image593.wmz"/>
 <o:File HRef="image594.gif"/>
 <o:File HRef="image595.wmz"/>
 <o:File HRef="image596.gif"/>
 <o:File HRef="image597.wmz"/>
 <o:File HRef="image598.gif"/>
 <o:File HRef="image599.wmz"/>
 <o:File HRef="image600.gif"/>
 <o:File HRef="image601.wmz"/>
 <o:File HRef="image602.gif"/>
 <o:File HRef="image603.wmz"/>
 <o:File HRef="image604.wmz"/>
 <o:File HRef="image605.gif"/>
 <o:File HRef="image606.wmz"/>
 <o:File HRef="image607.gif"/>
 <o:File HRef="image608.wmz"/>
 <o:File HRef="image609.gif"/>
 <o:File HRef="image610.wmz"/>
 <o:File HRef="image611.wmz"/>
 <o:File HRef="image612.gif"/>
 <o:File HRef="image613.wmz"/>
 <o:File HRef="image614.gif"/>
 <o:File HRef="image615.wmz"/>
 <o:File HRef="image616.gif"/>
 <o:File HRef="image617.wmz"/>
 <o:File HRef="image618.gif"/>
 <o:File HRef="image619.wmz"/>
 <o:File HRef="image620.gif"/>
 <o:File HRef="image621.wmz"/>
 <o:File HRef="image622.gif"/>
 <o:File HRef="image623.wmz"/>
 <o:File HRef="image624.gif"/>
 <o:File HRef="image625.wmz"/>
 <o:File HRef="image626.gif"/>
 <o:File HRef="image627.wmz"/>
 <o:File HRef="image628.wmz"/>
 <o:File HRef="image629.wmz"/>
 <o:File HRef="image630.wmz"/>
 <o:File HRef="image631.wmz"/>
 <o:File HRef="image632.wmz"/>
 <o:File HRef="image633.wmz"/>
 <o:File HRef="image634.wmz"/>
 <o:File HRef="image635.wmz"/>
 <o:File HRef="image636.wmz"/>
 <o:File HRef="image637.wmz"/>
 <o:File HRef="image638.wmz"/>
 <o:File HRef="image639.wmz"/>
 <o:File HRef="image640.wmz"/>
 <o:File HRef="image641.wmz"/>
 <o:File HRef="image642.wmz"/>
 <o:File HRef="image643.wmz"/>
 <o:File HRef="image644.wmz"/>
 <o:File HRef="image645.wmz"/>
 <o:File HRef="image646.wmz"/>
 <o:File HRef="image647.gif"/>
 <o:File HRef="image648.wmz"/>
 <o:File HRef="image649.gif"/>
 <o:File HRef="image650.wmz"/>
 <o:File HRef="image651.wmz"/>
 <o:File HRef="image652.gif"/>
 <o:File HRef="image653.wmz"/>
 <o:File HRef="image654.gif"/>
 <o:File HRef="image655.wmz"/>
 <o:File HRef="image656.gif"/>
 <o:File HRef="image657.wmz"/>
 <o:File HRef="image658.gif"/>
 <o:File HRef="image659.wmz"/>
 <o:File HRef="image660.gif"/>
 <o:File HRef="image661.wmz"/>
 <o:File HRef="image662.gif"/>
 <o:File HRef="image663.wmz"/>
 <o:File HRef="image664.gif"/>
 <o:File HRef="image665.wmz"/>
 <o:File HRef="image666.gif"/>
 <o:File HRef="image667.wmz"/>
 <o:File HRef="image668.gif"/>
 <o:File HRef="image669.wmz"/>
 <o:File HRef="image670.wmz"/>
 <o:File HRef="image671.wmz"/>
 <o:File HRef="image672.gif"/>
 <o:File HRef="image673.wmz"/>
 <o:File HRef="image674.wmz"/>
 <o:File HRef="image675.wmz"/>
 <o:File HRef="image676.wmz"/>
 <o:File HRef="image677.wmz"/>
 <o:File HRef="image678.wmz"/>
 <o:File HRef="image679.wmz"/>
 <o:File HRef="image680.wmz"/>
 <o:File HRef="image681.wmz"/>
 <o:File HRef="image682.wmz"/>
 <o:File HRef="image683.wmz"/>
 <o:File HRef="image684.wmz"/>
 <o:File HRef="image685.wmz"/>
 <o:File HRef="image686.wmz"/>
 <o:File HRef="image687.wmz"/>
 <o:File HRef="image688.wmz"/>
 <o:File HRef="image689.wmz"/>
 <o:File HRef="image690.wmz"/>
 <o:File HRef="image691.wmz"/>
 <o:File HRef="image692.wmz"/>
 <o:File HRef="image693.wmz"/>
 <o:File HRef="image694.wmz"/>
 <o:File HRef="image695.wmz"/>
 <o:File HRef="image696.wmz"/>
 <o:File HRef="image697.gif"/>
 <o:File HRef="image698.wmz"/>
 <o:File HRef="image699.gif"/>
 <o:File HRef="image700.wmz"/>
 <o:File HRef="image701.gif"/>
 <o:File HRef="image702.wmz"/>
 <o:File HRef="image703.wmz"/>
 <o:File HRef="image704.gif"/>
 <o:File HRef="image705.wmz"/>
 <o:File HRef="image706.wmz"/>
 <o:File HRef="image707.gif"/>
 <o:File HRef="image708.wmz"/>
 <o:File HRef="image709.gif"/>
 <o:File HRef="image710.wmz"/>
 <o:File HRef="image711.wmz"/>
 <o:File HRef="image712.gif"/>
 <o:File HRef="image713.wmz"/>
 <o:File HRef="image714.gif"/>
 <o:File HRef="image715.wmz"/>
 <o:File HRef="image716.gif"/>
 <o:File HRef="image717.wmz"/>
 <o:File HRef="image718.wmz"/>
 <o:File HRef="image719.gif"/>
 <o:File HRef="image720.wmz"/>
 <o:File HRef="image721.gif"/>
 <o:File HRef="image722.wmz"/>
 <o:File HRef="image723.gif"/>
 <o:File HRef="image724.wmz"/>
 <o:File HRef="image725.gif"/>
 <o:File HRef="image726.wmz"/>
 <o:File HRef="image727.gif"/>
 <o:File HRef="image728.wmz"/>
 <o:File HRef="image729.wmz"/>
 <o:File HRef="image730.gif"/>
 <o:File HRef="image731.wmz"/>
 <o:File HRef="image732.wmz"/>
 <o:File HRef="image733.wmz"/>
 <o:File HRef="image734.wmz"/>
 <o:File HRef="image735.wmz"/>
 <o:File HRef="image736.wmz"/>
 <o:File HRef="image737.wmz"/>
 <o:File HRef="image738.wmz"/>
 <o:File HRef="image739.wmz"/>
 <o:File HRef="image740.wmz"/>
 <o:File HRef="image741.wmz"/>
 <o:File HRef="image742.wmz"/>
 <o:File HRef="image743.wmz"/>
 <o:File HRef="image744.wmz"/>
 <o:File HRef="image745.wmz"/>
 <o:File HRef="image746.wmz"/>
 <o:File HRef="image747.wmz"/>
 <o:File HRef="image748.wmz"/>
 <o:File HRef="image749.wmz"/>
 <o:File HRef="image750.wmz"/>
 <o:File HRef="image751.wmz"/>
 <o:File HRef="image752.wmz"/>
 <o:File HRef="image753.wmz"/>
 <o:File HRef="image754.gif"/>
 <o:File HRef="image755.wmz"/>
 <o:File HRef="image756.wmz"/>
 <o:File HRef="image757.wmz"/>
 <o:File HRef="image758.wmz"/>
 <o:File HRef="image759.wmz"/>
 <o:File HRef="image760.wmz"/>
 <o:File HRef="image761.wmz"/>
 <o:File HRef="image762.wmz"/>
 <o:File HRef="image763.wmz"/>
 <o:File HRef="image764.wmz"/>
 <o:File HRef="image765.wmz"/>
 <o:File HRef="image766.wmz"/>
 <o:File HRef="image767.wmz"/>
 <o:File HRef="image768.wmz"/>
 <o:File HRef="image769.wmz"/>
 <o:File HRef="image770.gif"/>
 <o:File HRef="image771.wmz"/>
 <o:File HRef="image772.wmz"/>
 <o:File HRef="image773.gif"/>
 <o:File HRef="image774.wmz"/>
 <o:File HRef="image775.gif"/>
 <o:File HRef="image776.wmz"/>
 <o:File HRef="image777.wmz"/>
 <o:File HRef="image778.gif"/>
 <o:File HRef="image779.wmz"/>
 <o:File HRef="image780.gif"/>
 <o:File HRef="image781.wmz"/>
 <o:File HRef="image782.gif"/>
 <o:File HRef="image783.wmz"/>
 <o:File HRef="image784.gif"/>
 <o:File HRef="image785.wmz"/>
 <o:File HRef="image786.gif"/>
 <o:File HRef="image787.wmz"/>
 <o:File HRef="image788.wmz"/>
 <o:File HRef="image789.gif"/>
 <o:File HRef="image790.wmz"/>
 <o:File HRef="image791.gif"/>
 <o:File HRef="image792.wmz"/>
 <o:File HRef="image793.gif"/>
 <o:File HRef="image794.wmz"/>
 <o:File HRef="image795.gif"/>
 <o:File HRef="image796.wmz"/>
 <o:File HRef="image797.wmz"/>
 <o:File HRef="image798.wmz"/>
 <o:File HRef="image799.wmz"/>
 <o:File HRef="image800.gif"/>
 <o:File HRef="image801.wmz"/>
 <o:File HRef="image802.gif"/>
 <o:File HRef="image803.wmz"/>
 <o:File HRef="image804.gif"/>
 <o:File HRef="image805.wmz"/>
 <o:File HRef="image806.gif"/>
 <o:File HRef="image807.wmz"/>
 <o:File HRef="image808.gif"/>
 <o:File HRef="image809.wmz"/>
 <o:File HRef="image810.wmz"/>
 <o:File HRef="image811.wmz"/>
 <o:File HRef="image812.wmz"/>
 <o:File HRef="image813.wmz"/>
 <o:File HRef="image814.wmz"/>
 <o:File HRef="image815.wmz"/>
 <o:File HRef="image816.wmz"/>
 <o:File HRef="image817.wmz"/>
 <o:File HRef="image818.wmz"/>
 <o:File HRef="image819.wmz"/>
 <o:File HRef="image820.wmz"/>
 <o:File HRef="image821.wmz"/>
 <o:File HRef="image822.wmz"/>
 <o:File HRef="image823.wmz"/>
 <o:File HRef="image824.wmz"/>
 <o:File HRef="image825.wmz"/>
 <o:File HRef="image826.wmz"/>
 <o:File HRef="image827.wmz"/>
 <o:File HRef="image828.wmz"/>
 <o:File HRef="image829.wmz"/>
 <o:File HRef="image830.wmz"/>
 <o:File HRef="image831.wmz"/>
 <o:File HRef="image832.wmz"/>
 <o:File HRef="image833.wmz"/>
 <o:File HRef="image834.wmz"/>
 <o:File HRef="image835.gif"/>
 <o:File HRef="image836.wmz"/>
 <o:File HRef="image837.gif"/>
 <o:File HRef="image838.wmz"/>
 <o:File HRef="image839.gif"/>
 <o:File HRef="image840.wmz"/>
 <o:File HRef="image841.gif"/>
 <o:File HRef="image842.wmz"/>
 <o:File HRef="image843.gif"/>
 <o:File HRef="image844.wmz"/>
 <o:File HRef="image845.gif"/>
 <o:File HRef="image846.wmz"/>
 <o:File HRef="image847.gif"/>
 <o:File HRef="image848.wmz"/>
 <o:File HRef="image849.wmz"/>
 <o:File HRef="image850.gif"/>
 <o:File HRef="image851.wmz"/>
 <o:File HRef="image852.wmz"/>
 <o:File HRef="image853.wmz"/>
 <o:File HRef="image854.gif"/>
 <o:File HRef="image855.wmz"/>
 <o:File HRef="image856.gif"/>
 <o:File HRef="image857.wmz"/>
 <o:File HRef="image858.gif"/>
 <o:File HRef="image859.wmz"/>
 <o:File HRef="image860.wmz"/>
 <o:File HRef="image861.wmz"/>
 <o:File HRef="image862.gif"/>
 <o:File HRef="image863.wmz"/>
 <o:File HRef="image864.gif"/>
 <o:File HRef="image865.wmz"/>
 <o:File HRef="image866.gif"/>
 <o:File HRef="image867.wmz"/>
 <o:File HRef="image868.wmz"/>
 <o:File HRef="image869.gif"/>
 <o:File HRef="image870.wmz"/>
 <o:File HRef="image871.gif"/>
 <o:File HRef="image872.wmz"/>
 <o:File HRef="image873.gif"/>
 <o:File HRef="image874.wmz"/>
 <o:File HRef="image875.gif"/>
 <o:File HRef="image876.wmz"/>
 <o:File HRef="image877.gif"/>
 <o:File HRef="image878.wmz"/>
 <o:File HRef="image879.gif"/>
 <o:File HRef="image880.wmz"/>
 <o:File HRef="image881.wmz"/>
 <o:File HRef="image882.wmz"/>
 <o:File HRef="image883.gif"/>
 <o:File HRef="image884.wmz"/>
 <o:File HRef="image885.wmz"/>
 <o:File HRef="image886.wmz"/>
 <o:File HRef="image887.gif"/>
 <o:File HRef="image888.wmz"/>
 <o:File HRef="image889.gif"/>
 <o:File HRef="image890.wmz"/>
 <o:File HRef="image891.gif"/>
 <o:File HRef="image892.wmz"/>
 <o:File HRef="image893.gif"/>
 <o:File HRef="image894.wmz"/>
 <o:File HRef="image895.gif"/>
 <o:File HRef="image896.wmz"/>
 <o:File HRef="image897.gif"/>
 <o:File HRef="image898.wmz"/>
 <o:File HRef="image899.wmz"/>
 <o:File HRef="image900.gif"/>
 <o:File HRef="image901.wmz"/>
 <o:File HRef="image902.wmz"/>
 <o:File HRef="image903.wmz"/>
 <o:File HRef="image904.gif"/>
 <o:File HRef="image905.wmz"/>
 <o:File HRef="image906.wmz"/>
 <o:File HRef="image907.gif"/>
 <o:File HRef="image908.wmz"/>
 <o:File HRef="image909.gif"/>
 <o:File HRef="image910.wmz"/>
 <o:File HRef="image911.gif"/>
 <o:File HRef="image912.wmz"/>
 <o:File HRef="image913.wmz"/>
 <o:File HRef="image914.gif"/>
 <o:File HRef="image915.wmz"/>
 <o:File HRef="image916.gif"/>
 <o:File HRef="image917.wmz"/>
 <o:File HRef="image918.gif"/>
 <o:File HRef="image919.wmz"/>
 <o:File HRef="image920.wmz"/>
 <o:File HRef="image921.wmz"/>
 <o:File HRef="image922.wmz"/>
 <o:File HRef="image923.wmz"/>
 <o:File HRef="image924.gif"/>
 <o:File HRef="image925.wmz"/>
 <o:File HRef="image926.gif"/>
 <o:File HRef="image927.wmz"/>
 <o:File HRef="image928.wmz"/>
 <o:File HRef="image929.gif"/>
 <o:File HRef="image930.wmz"/>
 <o:File HRef="image931.gif"/>
 <o:File HRef="image932.wmz"/>
 <o:File HRef="image933.gif"/>
 <o:File HRef="image934.wmz"/>
 <o:File HRef="image935.wmz"/>
 <o:File HRef="image936.wmz"/>
 <o:File HRef="image937.gif"/>
 <o:File HRef="image938.wmz"/>
 <o:File HRef="image939.wmz"/>
 <o:File HRef="image940.gif"/>
 <o:File HRef="image941.wmz"/>
 <o:File HRef="image942.gif"/>
 <o:File HRef="image943.wmz"/>
 <o:File HRef="image944.gif"/>
 <o:File HRef="image945.wmz"/>
 <o:File HRef="image946.gif"/>
 <o:File HRef="image947.wmz"/>
 <o:File HRef="image948.wmz"/>
 <o:File HRef="image949.wmz"/>
 <o:File HRef="image950.wmz"/>
 <o:File HRef="image951.wmz"/>
 <o:File HRef="image952.wmz"/>
 <o:File HRef="image953.wmz"/>
 <o:File HRef="image954.wmz"/>
 <o:File HRef="image955.wmz"/>
 <o:File HRef="image956.wmz"/>
 <o:File HRef="image957.wmz"/>
 <o:File HRef="image958.wmz"/>
 <o:File HRef="image959.wmz"/>
 <o:File HRef="image960.wmz"/>
 <o:File HRef="image961.wmz"/>
 <o:File HRef="image962.wmz"/>
 <o:File HRef="image963.wmz"/>
 <o:File HRef="image964.wmz"/>
 <o:File HRef="image965.wmz"/>
 <o:File HRef="image966.gif"/>
 <o:File HRef="image967.wmz"/>
 <o:File HRef="image968.wmz"/>
 <o:File HRef="image969.gif"/>
 <o:File HRef="image970.wmz"/>
 <o:File HRef="image971.gif"/>
 <o:File HRef="image972.wmz"/>
 <o:File HRef="image973.wmz"/>
 <o:File HRef="image974.wmz"/>
 <o:File HRef="image975.gif"/>
 <o:File HRef="image976.wmz"/>
 <o:File HRef="image977.gif"/>
 <o:File HRef="image978.wmz"/>
 <o:File HRef="image979.gif"/>
 <o:File HRef="image980.wmz"/>
 <o:File HRef="image981.gif"/>
 <o:File HRef="image982.wmz"/>
 <o:File HRef="image983.gif"/>
 <o:File HRef="image984.wmz"/>
 <o:File HRef="image985.wmz"/>
 <o:File HRef="image986.wmz"/>
 <o:File HRef="image987.gif"/>
 <o:File HRef="image988.wmz"/>
 <o:File HRef="image989.gif"/>
 <o:File HRef="image990.wmz"/>
 <o:File HRef="image991.gif"/>
 <o:File HRef="image992.wmz"/>
 <o:File HRef="image993.gif"/>
 <o:File HRef="image994.wmz"/>
 <o:File HRef="image995.gif"/>
 <o:File HRef="image996.wmz"/>
 <o:File HRef="image997.gif"/>
 <o:File HRef="image998.wmz"/>
 <o:File HRef="image999.gif"/>
 <o:File HRef="image1000.wmz"/>
 <o:File HRef="image1001.gif"/>
 <o:File HRef="image1002.wmz"/>
 <o:File HRef="image1003.gif"/>
 <o:File HRef="image1004.wmz"/>
 <o:File HRef="image1005.gif"/>
 <o:File HRef="image1006.wmz"/>
 <o:File HRef="image1007.wmz"/>
 <o:File HRef="image1008.gif"/>
 <o:File HRef="image1009.wmz"/>
 <o:File HRef="image1010.gif"/>
 <o:File HRef="image1011.wmz"/>
 <o:File HRef="image1012.wmz"/>
 <o:File HRef="image1013.gif"/>
 <o:File HRef="image1014.wmz"/>
 <o:File HRef="image1015.gif"/>
 <o:File HRef="image1016.wmz"/>
 <o:File HRef="image1017.wmz"/>
 <o:File HRef="image1018.wmz"/>
 <o:File HRef="image1019.wmz"/>
 <o:File HRef="image1020.wmz"/>
 <o:File HRef="image1021.wmz"/>
 <o:File HRef="image1022.gif"/>
 <o:File HRef="image1023.wmz"/>
 <o:File HRef="image1024.gif"/>
 <o:File HRef="image1025.wmz"/>
 <o:File HRef="image1026.gif"/>
 <o:File HRef="image1027.wmz"/>
 <o:File HRef="image1028.gif"/>
 <o:File HRef="image1029.wmz"/>
 <o:File HRef="image1030.gif"/>
 <o:File HRef="image1031.wmz"/>
 <o:File HRef="image1032.wmz"/>
 <o:File HRef="image1033.wmz"/>
 <o:File HRef="image1034.wmz"/>
 <o:File HRef="image1035.wmz"/>
 <o:File HRef="image1036.wmz"/>
 <o:File HRef="image1037.gif"/>
 <o:File HRef="image1038.wmz"/>
 <o:File HRef="image1039.gif"/>
 <o:File HRef="image1040.wmz"/>
 <o:File HRef="image1041.wmz"/>
 <o:File HRef="image1042.wmz"/>
 <o:File HRef="image1043.gif"/>
 <o:File HRef="image1044.wmz"/>
 <o:File HRef="image1045.gif"/>
 <o:File HRef="image1046.wmz"/>
 <o:File HRef="image1047.gif"/>
 <o:File HRef="image1048.wmz"/>
 <o:File HRef="image1049.gif"/>
 <o:File HRef="image1050.wmz"/>
 <o:File HRef="image1051.gif"/>
 <o:File HRef="image1052.wmz"/>
 <o:File HRef="image1053.gif"/>
 <o:File HRef="image1054.wmz"/>
 <o:File HRef="image1055.gif"/>
 <o:File HRef="image1056.wmz"/>
 <o:File HRef="image1057.gif"/>
 <o:File HRef="image1058.wmz"/>
 <o:File HRef="image1059.gif"/>
 <o:File HRef="image1060.wmz"/>
 <o:File HRef="image1061.gif"/>
 <o:File HRef="image1062.wmz"/>
 <o:File HRef="image1063.gif"/>
 <o:File HRef="image1064.wmz"/>
 <o:File HRef="image1065.gif"/>
 <o:File HRef="image1066.wmz"/>
 <o:File HRef="image1067.gif"/>
 <o:File HRef="image1068.wmz"/>
 <o:File HRef="image1069.gif"/>
 <o:File HRef="image1070.wmz"/>
 <o:File HRef="image1071.gif"/>
 <o:File HRef="image1072.wmz"/>
 <o:File HRef="image1073.gif"/>
 <o:File HRef="image1074.wmz"/>
 <o:File HRef="image1075.gif"/>
 <o:File HRef="image1076.wmz"/>
 <o:File HRef="image1077.wmz"/>
 <o:File HRef="image1078.gif"/>
 <o:File HRef="image1079.wmz"/>
 <o:File HRef="image1080.gif"/>
 <o:File HRef="image1081.wmz"/>
 <o:File HRef="image1082.gif"/>
 <o:File HRef="image1083.wmz"/>
 <o:File HRef="image1084.gif"/>
 <o:File HRef="image1085.wmz"/>
 <o:File HRef="image1086.gif"/>
 <o:File HRef="image1087.wmz"/>
 <o:File HRef="image1088.gif"/>
 <o:File HRef="image1089.wmz"/>
 <o:File HRef="image1090.gif"/>
 <o:File HRef="image1091.wmz"/>
 <o:File HRef="image1092.gif"/>
 <o:File HRef="image1093.wmz"/>
 <o:File HRef="image1094.wmz"/>
 <o:File HRef="image1095.gif"/>
 <o:File HRef="image1096.wmz"/>
 <o:File HRef="image1097.wmz"/>
 <o:File HRef="image1098.gif"/>
 <o:File HRef="image1099.wmz"/>
 <o:File HRef="image1100.gif"/>
 <o:File HRef="image1101.wmz"/>
 <o:File HRef="image1102.gif"/>
 <o:File HRef="image1103.wmz"/>
 <o:File HRef="image1104.wmz"/>
 <o:File HRef="image1105.gif"/>
 <o:File HRef="image1106.wmz"/>
 <o:File HRef="image1107.gif"/>
 <o:File HRef="image1108.wmz"/>
 <o:File HRef="image1109.gif"/>
 <o:File HRef="image1110.wmz"/>
 <o:File HRef="image1111.gif"/>
 <o:File HRef="image1112.wmz"/>
 <o:File HRef="image1113.gif"/>
 <o:File HRef="image1114.wmz"/>
 <o:File HRef="image1115.gif"/>
 <o:File HRef="image1116.wmz"/>
 <o:File HRef="image1117.gif"/>
 <o:File HRef="image1118.wmz"/>
 <o:File HRef="image1119.gif"/>
 <o:File HRef="image1120.wmz"/>
 <o:File HRef="image1121.gif"/>
 <o:File HRef="image1122.wmz"/>
 <o:File HRef="image1123.gif"/>
 <o:File HRef="image1124.wmz"/>
 <o:File HRef="image1125.gif"/>
 <o:File HRef="image1126.wmz"/>
 <o:File HRef="image1127.gif"/>
 <o:File HRef="image1128.wmz"/>
 <o:File HRef="image1129.gif"/>
 <o:File HRef="image1130.wmz"/>
 <o:File HRef="image1131.gif"/>
 <o:File HRef="image1132.wmz"/>
 <o:File HRef="image1133.gif"/>
 <o:File HRef="image1134.wmz"/>
 <o:File HRef="image1135.gif"/>
 <o:File HRef="image1136.wmz"/>
 <o:File HRef="image1137.gif"/>
 <o:File HRef="image1138.wmz"/>
 <o:File HRef="image1139.wmz"/>
 <o:File HRef="image1140.gif"/>
 <o:File HRef="image1141.wmz"/>
 <o:File HRef="image1142.gif"/>
 <o:File HRef="image1143.wmz"/>
 <o:File HRef="image1144.gif"/>
 <o:File HRef="image1145.wmz"/>
 <o:File HRef="image1146.gif"/>
 <o:File HRef="image1147.wmz"/>
 <o:File HRef="image1148.gif"/>
 <o:File HRef="image1149.wmz"/>
 <o:File HRef="image1150.wmz"/>
 <o:File HRef="image1151.gif"/>
 <o:File HRef="image1152.wmz"/>
 <o:File HRef="image1153.gif"/>
 <o:File HRef="image1154.wmz"/>
 <o:File HRef="image1155.gif"/>
 <o:File HRef="image1156.wmz"/>
 <o:File HRef="image1157.gif"/>
 <o:File HRef="image1158.wmz"/>
 <o:File HRef="image1159.gif"/>
 <o:File HRef="image1160.wmz"/>
 <o:File HRef="image1161.gif"/>
 <o:File HRef="image1162.wmz"/>
 <o:File HRef="image1163.gif"/>
 <o:File HRef="image1164.wmz"/>
 <o:File HRef="image1165.gif"/>
 <o:File HRef="image1166.wmz"/>
 <o:File HRef="image1167.gif"/>
 <o:File HRef="image1168.wmz"/>
 <o:File HRef="image1169.wmz"/>
 <o:File HRef="image1170.gif"/>
 <o:File HRef="image1171.wmz"/>
 <o:File HRef="image1172.gif"/>
 <o:File HRef="image1173.wmz"/>
 <o:File HRef="image1174.gif"/>
 <o:File HRef="image1175.wmz"/>
 <o:File HRef="image1176.gif"/>
 <o:File HRef="image1177.wmz"/>
 <o:File HRef="image1178.gif"/>
 <o:File HRef="image1179.wmz"/>
 <o:File HRef="image1180.gif"/>
 <o:File HRef="image1181.wmz"/>
 <o:File HRef="image1182.gif"/>
 <o:File HRef="image1183.wmz"/>
 <o:File HRef="image1184.gif"/>
 <o:File HRef="image1185.wmz"/>
 <o:File HRef="image1186.gif"/>
 <o:File HRef="image1187.wmz"/>
 <o:File HRef="image1188.wmz"/>
 <o:File HRef="image1189.wmz"/>
 <o:File HRef="image1190.gif"/>
 <o:File HRef="image1191.wmz"/>
 <o:File HRef="image1192.wmz"/>
 <o:File HRef="image1193.gif"/>
 <o:File HRef="image1194.wmz"/>
 <o:File HRef="image1195.gif"/>
 <o:File HRef="image1196.wmz"/>
 <o:File HRef="image1197.gif"/>
 <o:File HRef="image1198.wmz"/>
 <o:File HRef="image1199.wmz"/>
 <o:File HRef="image1200.gif"/>
 <o:File HRef="image1201.wmz"/>
 <o:File HRef="image1202.gif"/>
 <o:File HRef="image1203.wmz"/>
 <o:File HRef="image1204.wmz"/>
 <o:File HRef="image1205.gif"/>
 <o:File HRef="image1206.wmz"/>
 <o:File HRef="image1207.gif"/>
 <o:File HRef="image1208.wmz"/>
 <o:File HRef="image1209.gif"/>
 <o:File HRef="image1210.wmz"/>
 <o:File HRef="image1211.gif"/>
 <o:File HRef="image1212.wmz"/>
 <o:File HRef="image1213.gif"/>
 <o:File HRef="image1214.wmz"/>
 <o:File HRef="image1215.gif"/>
 <o:File HRef="image1216.wmz"/>
 <o:File HRef="image1217.wmz"/>
 <o:File HRef="image1218.wmz"/>
 <o:File HRef="image1219.gif"/>
 <o:File HRef="image1220.wmz"/>
 <o:File HRef="image1221.gif"/>
 <o:File HRef="image1222.wmz"/>
 <o:File HRef="image1223.gif"/>
 <o:File HRef="image1224.wmz"/>
 <o:File HRef="image1225.gif"/>
 <o:File HRef="image1226.wmz"/>
 <o:File HRef="image1227.gif"/>
 <o:File HRef="image1228.wmz"/>
 <o:File HRef="image1229.gif"/>
 <o:File HRef="image1230.wmz"/>
 <o:File HRef="image1231.gif"/>
 <o:File HRef="image1232.wmz"/>
 <o:File HRef="image1233.gif"/>
 <o:File HRef="image1234.wmz"/>
 <o:File HRef="image1235.gif"/>
 <o:File HRef="image1236.wmz"/>
 <o:File HRef="image1237.gif"/>
 <o:File HRef="image1238.wmz"/>
 <o:File HRef="image1239.gif"/>
 <o:File HRef="image1240.wmz"/>
 <o:File HRef="image1241.gif"/>
 <o:File HRef="image1242.wmz"/>
 <o:File HRef="image1243.wmz"/>
 <o:File HRef="image1244.gif"/>
 <o:File HRef="image1245.wmz"/>
 <o:File HRef="image1246.gif"/>
 <o:File HRef="image1247.wmz"/>
 <o:File HRef="image1248.gif"/>
 <o:File HRef="image1249.wmz"/>
 <o:File HRef="image1250.wmz"/>
 <o:File HRef="image1251.gif"/>
 <o:File HRef="image1252.wmz"/>
 <o:File HRef="image1253.gif"/>
 <o:File HRef="image1254.wmz"/>
 <o:File HRef="image1255.wmz"/>
 <o:File HRef="image1256.wmz"/>
 <o:File HRef="image1257.gif"/>
 <o:File HRef="image1258.wmz"/>
 <o:File HRef="image1259.gif"/>
 <o:File HRef="image1260.wmz"/>
 <o:File HRef="image1261.gif"/>
 <o:File HRef="image1262.wmz"/>
 <o:File HRef="image1263.gif"/>
 <o:File HRef="image1264.wmz"/>
 <o:File HRef="image1265.wmz"/>
 <o:File HRef="image1266.wmz"/>
 <o:File HRef="image1267.gif"/>
 <o:File HRef="image1268.wmz"/>
 <o:File HRef="image1269.wmz"/>
 <o:File HRef="image1270.gif"/>
 <o:File HRef="image1271.wmz"/>
 <o:File HRef="image1272.gif"/>
 <o:File HRef="image1273.wmz"/>
 <o:File HRef="image1274.gif"/>
 <o:File HRef="image1275.wmz"/>
 <o:File HRef="image1276.gif"/>
 <o:File HRef="image1277.wmz"/>
 <o:File HRef="image1278.wmz"/>
 <o:File HRef="image1279.gif"/>
 <o:File HRef="image1280.wmz"/>
 <o:File HRef="image1281.gif"/>
 <o:File HRef="image1282.wmz"/>
 <o:File HRef="image1283.gif"/>
 <o:File HRef="image1284.wmz"/>
 <o:File HRef="image1285.wmz"/>
 <o:File HRef="image1286.gif"/>
 <o:File HRef="image1287.wmz"/>
 <o:File HRef="image1288.gif"/>
 <o:File HRef="image1289.wmz"/>
 <o:File HRef="image1290.wmz"/>
 <o:File HRef="image1291.gif"/>
 <o:File HRef="image1292.wmz"/>
 <o:File HRef="image1293.gif"/>
 <o:File HRef="image1294.wmz"/>
 <o:File HRef="image1295.gif"/>
 <o:File HRef="image1296.wmz"/>
 <o:File HRef="image1297.wmz"/>
 <o:File HRef="image1298.wmz"/>
 <o:File HRef="image1299.gif"/>
 <o:File HRef="image1300.wmz"/>
 <o:File HRef="image1301.wmz"/>
 <o:File HRef="image1302.gif"/>
 <o:File HRef="image1303.wmz"/>
 <o:File HRef="image1304.wmz"/>
 <o:File HRef="image1305.wmz"/>
 <o:File HRef="image1306.gif"/>
 <o:File HRef="image1307.wmz"/>
 <o:File HRef="image1308.wmz"/>
 <o:File HRef="image1309.gif"/>
 <o:File HRef="image1310.wmz"/>
 <o:File HRef="image1311.gif"/>
 <o:File HRef="image1312.wmz"/>
 <o:File HRef="image1313.gif"/>
 <o:File HRef="image1314.wmz"/>
 <o:File HRef="image1315.wmz"/>
 <o:File HRef="image1316.wmz"/>
 <o:File HRef="image1317.wmz"/>
 <o:File HRef="image1318.wmz"/>
 <o:File HRef="image1319.gif"/>
 <o:File HRef="image1320.wmz"/>
 <o:File HRef="image1321.wmz"/>
 <o:File HRef="image1322.gif"/>
 <o:File HRef="image1323.wmz"/>
 <o:File HRef="image1324.gif"/>
 <o:File HRef="image1325.wmz"/>
 <o:File HRef="image1326.gif"/>
 <o:File HRef="image1327.wmz"/>
 <o:File HRef="image1328.gif"/>
 <o:File HRef="image1329.wmz"/>
 <o:File HRef="image1330.wmz"/>
 <o:File HRef="image1331.gif"/>
 <o:File HRef="image1332.wmz"/>
 <o:File HRef="image1333.gif"/>
 <o:File HRef="image1334.wmz"/>
 <o:File HRef="image1335.gif"/>
 <o:File HRef="image1336.wmz"/>
 <o:File HRef="image1337.gif"/>
 <o:File HRef="image1338.wmz"/>
 <o:File HRef="image1339.wmz"/>
 <o:File HRef="image1340.wmz"/>
 <o:File HRef="image1341.wmz"/>
 <o:File HRef="image1342.gif"/>
 <o:File HRef="image1343.wmz"/>
 <o:File HRef="image1344.wmz"/>
 <o:File HRef="image1345.gif"/>
 <o:File HRef="image1346.wmz"/>
 <o:File HRef="image1347.gif"/>
 <o:File HRef="image1348.wmz"/>
 <o:File HRef="image1349.wmz"/>
 <o:File HRef="image1350.gif"/>
 <o:File HRef="image1351.wmz"/>
 <o:File HRef="image1352.gif"/>
 <o:File HRef="image1353.wmz"/>
 <o:File HRef="image1354.gif"/>
 <o:File HRef="image1355.wmz"/>
 <o:File HRef="image1356.wmz"/>
 <o:File HRef="image1357.wmz"/>
 <o:File HRef="image1358.wmz"/>
 <o:File HRef="image1359.gif"/>
 <o:File HRef="image1360.wmz"/>
 <o:File HRef="image1361.wmz"/>
 <o:File HRef="image1362.gif"/>
 <o:File HRef="image1363.wmz"/>
 <o:File HRef="image1364.wmz"/>
 <o:File HRef="image1365.gif"/>
 <o:File HRef="image1366.wmz"/>
 <o:File HRef="image1367.gif"/>
 <o:File HRef="image1368.wmz"/>
 <o:File HRef="image1369.gif"/>
 <o:File HRef="image1370.wmz"/>
 <o:File HRef="image1371.gif"/>
 <o:File HRef="image1372.wmz"/>
 <o:File HRef="image1373.gif"/>
 <o:File HRef="image1374.wmz"/>
 <o:File HRef="image1375.wmz"/>
 <o:File HRef="image1376.wmz"/>
 <o:File HRef="image1377.gif"/>
 <o:File HRef="image1378.wmz"/>
 <o:File HRef="image1379.gif"/>
 <o:File HRef="image1380.wmz"/>
 <o:File HRef="image1381.gif"/>
 <o:File HRef="image1382.wmz"/>
 <o:File HRef="image1383.gif"/>
 <o:File HRef="image1384.wmz"/>
 <o:File HRef="image1385.gif"/>
 <o:File HRef="image1386.wmz"/>
 <o:File HRef="image1387.wmz"/>
 <o:File HRef="image1388.gif"/>
 <o:File HRef="image1389.wmz"/>
 <o:File HRef="image1390.wmz"/>
 <o:File HRef="image1391.gif"/>
 <o:File HRef="image1392.wmz"/>
 <o:File HRef="image1393.wmz"/>
 <o:File HRef="image1394.wmz"/>
 <o:File HRef="image1395.wmz"/>
 <o:File HRef="image1396.gif"/>
 <o:File HRef="image1397.wmz"/>
 <o:File HRef="image1398.wmz"/>
 <o:File HRef="image1399.gif"/>
 <o:File HRef="image1400.wmz"/>
 <o:File HRef="image1401.gif"/>
 <o:File HRef="image1402.wmz"/>
 <o:File HRef="image1403.gif"/>
 <o:File HRef="image1404.wmz"/>
 <o:File HRef="image1405.gif"/>
 <o:File HRef="image1406.wmz"/>
 <o:File HRef="image1407.gif"/>
 <o:File HRef="image1408.wmz"/>
 <o:File HRef="image1409.wmz"/>
 <o:File HRef="image1410.gif"/>
 <o:File HRef="image1411.wmz"/>
 <o:File HRef="image1412.wmz"/>
 <o:File HRef="image1413.gif"/>
 <o:File HRef="image1414.wmz"/>
 <o:File HRef="image1415.gif"/>
 <o:File HRef="image1416.wmz"/>
 <o:File HRef="image1417.gif"/>
 <o:File HRef="image1418.wmz"/>
 <o:File HRef="image1419.wmz"/>
 <o:File HRef="image1420.wmz"/>
 <o:File HRef="image1421.wmz"/>
 <o:File HRef="image1422.wmz"/>
 <o:File HRef="image1423.gif"/>
 <o:File HRef="image1424.wmz"/>
 <o:File HRef="image1425.gif"/>
 <o:File HRef="image1426.wmz"/>
 <o:File HRef="image1427.gif"/>
 <o:File HRef="image1428.wmz"/>
 <o:File HRef="image1429.wmz"/>
 <o:File HRef="image1430.wmz"/>
 <o:File HRef="image1431.wmz"/>
 <o:File HRef="image1432.wmz"/>
 <o:File HRef="image1433.wmz"/>
 <o:File HRef="image1434.gif"/>
 <o:File HRef="image1435.wmz"/>
 <o:File HRef="image1436.wmz"/>
 <o:File HRef="image1437.gif"/>
 <o:File HRef="image1438.wmz"/>
 <o:File HRef="image1439.wmz"/>
 <o:File HRef="image1440.wmz"/>
 <o:File HRef="image1441.gif"/>
 <o:File HRef="image1442.wmz"/>
 <o:File HRef="image1443.gif"/>
 <o:File HRef="image1444.wmz"/>
 <o:File HRef="image1445.wmz"/>
 <o:File HRef="image1446.gif"/>
 <o:File HRef="image1447.wmz"/>
 <o:File HRef="image1448.gif"/>
 <o:File HRef="image1449.wmz"/>
 <o:File HRef="image1450.gif"/>
 <o:File HRef="image1451.wmz"/>
 <o:File HRef="image1452.gif"/>
 <o:File HRef="image1453.wmz"/>
 <o:File HRef="image1454.gif"/>
 <o:File HRef="image1455.wmz"/>
 <o:File HRef="image1456.gif"/>
 <o:File HRef="image1457.wmz"/>
 <o:File HRef="image1458.gif"/>
 <o:File HRef="image1459.wmz"/>
 <o:File HRef="image1460.gif"/>
 <o:File HRef="image1461.wmz"/>
 <o:File HRef="image1462.gif"/>
 <o:File HRef="image1463.wmz"/>
 <o:File HRef="image1464.gif"/>
 <o:File HRef="image1465.wmz"/>
 <o:File HRef="image1466.gif"/>
 <o:File HRef="image1467.wmz"/>
 <o:File HRef="image1468.gif"/>
 <o:File HRef="image1469.wmz"/>
 <o:File HRef="image1470.gif"/>
 <o:File HRef="image1471.wmz"/>
 <o:File HRef="image1472.gif"/>
 <o:File HRef="image1473.wmz"/>
 <o:File HRef="image1474.wmz"/>
 <o:File HRef="image1475.wmz"/>
 <o:File HRef="image1476.wmz"/>
 <o:File HRef="image1477.gif"/>
 <o:File HRef="image1478.wmz"/>
 <o:File HRef="image1479.wmz"/>
 <o:File HRef="image1480.wmz"/>
 <o:File HRef="image1481.gif"/>
 <o:File HRef="image1482.wmz"/>
 <o:File HRef="image1483.gif"/>
 <o:File HRef="image1484.png"/>
 <o:File HRef="image1485.gif"/>
 <o:File HRef="image1486.png"/>
 <o:File HRef="image1487.gif"/>
 <o:File HRef="image1488.png"/>
 <o:File HRef="image1489.gif"/>
 <o:File HRef="image1490.wmz"/>
 <o:File HRef="image1491.gif"/>
 <o:File HRef="image1492.png"/>
 <o:File HRef="image1493.gif"/>
 <o:File HRef="image1494.wmz"/>
 <o:File HRef="image1495.wmz"/>
 <o:File HRef="image1496.png"/>
 <o:File HRef="image1497.gif"/>
 <o:File HRef="image1498.wmz"/>
 <o:File HRef="image1499.gif"/>
 <o:File HRef="image1500.png"/>
 <o:File HRef="image1501.gif"/>
 <o:File HRef="image1502.wmz"/>
 <o:File HRef="image1503.wmz"/>
 <o:File HRef="image1504.gif"/>
 <o:File HRef="image1505.png"/>
 <o:File HRef="image1506.gif"/>
 <o:File HRef="image1507.png"/>
 <o:File HRef="image1508.gif"/>
 <o:File HRef="image1509.png"/>
 <o:File HRef="image1510.gif"/>
 <o:File HRef="image1511.wmz"/>
 <o:File HRef="image1512.gif"/>
 <o:File HRef="image1513.wmz"/>
 <o:File HRef="image1514.gif"/>
 <o:File HRef="image1515.wmz"/>
 <o:File HRef="image1516.gif"/>
 <o:File HRef="image1517.png"/>
 <o:File HRef="image1518.gif"/>
 <o:File HRef="image1519.png"/>
 <o:File HRef="image1520.gif"/>
 <o:File HRef="image1521.png"/>
 <o:File HRef="image1522.gif"/>
 <o:File HRef="image1523.png"/>
 <o:File HRef="image1524.gif"/>
 <o:File HRef="image1525.wmz"/>
 <o:File HRef="image1526.gif"/>
 <o:File HRef="image1527.wmz"/>
 <o:File HRef="image1528.gif"/>
 <o:File HRef="image1529.wmz"/>
 <o:File HRef="image1530.gif"/>
 <o:File HRef="image1531.wmz"/>
 <o:File HRef="image1532.gif"/>
 <o:File HRef="image1533.wmz"/>
 <o:File HRef="image1534.gif"/>
 <o:File HRef="image1535.wmz"/>
 <o:File HRef="image1536.gif"/>
 <o:File HRef="image1537.wmz"/>
 <o:File HRef="image1538.gif"/>
 <o:File HRef="image1539.wmz"/>
 <o:File HRef="image1540.gif"/>
 <o:File HRef="image1541.wmz"/>
 <o:File HRef="image1542.gif"/>
 <o:File HRef="image1543.wmz"/>
 <o:File HRef="image1544.gif"/>
 <o:File HRef="image1545.wmz"/>
 <o:File HRef="image1546.wmz"/>
 <o:File HRef="image1547.gif"/>
 <o:File HRef="image1548.wmz"/>
 <o:File HRef="image1549.wmz"/>
 <o:File HRef="image1550.gif"/>
 <o:File HRef="image1551.wmz"/>
 <o:File HRef="image1552.gif"/>
 <o:File HRef="image1553.wmz"/>
 <o:File HRef="image1554.wmz"/>
 <o:File HRef="image1555.wmz"/>
 <o:File HRef="image1556.gif"/>
 <o:File HRef="image1557.wmz"/>
 <o:File HRef="image1558.wmz"/>
 <o:File HRef="image1559.gif"/>
 <o:File HRef="image1560.wmz"/>
 <o:File HRef="image1561.wmz"/>
 <o:File HRef="image1562.wmz"/>
 <o:File HRef="image1563.wmz"/>
 <o:File HRef="image1564.wmz"/>
 <o:File HRef="image1565.wmz"/>
 <o:File HRef="image1566.wmz"/>
 <o:File HRef="image1567.wmz"/>
 <o:File HRef="image1568.gif"/>
 <o:File HRef="image1569.wmz"/>
 <o:File HRef="image1570.gif"/>
 <o:File HRef="image1571.wmz"/>
 <o:File HRef="image1572.wmz"/>
 <o:File HRef="image1573.gif"/>
 <o:File HRef="image1574.wmz"/>
 <o:File HRef="image1575.gif"/>
 <o:File HRef="image1576.wmz"/>
 <o:File HRef="image1577.gif"/>
 <o:File HRef="image1578.wmz"/>
 <o:File HRef="image1579.gif"/>
 <o:File HRef="image1580.wmz"/>
 <o:File HRef="image1581.gif"/>
 <o:File HRef="image1582.wmz"/>
 <o:File HRef="image1583.wmz"/>
 <o:File HRef="image1584.gif"/>
 <o:File HRef="image1585.wmz"/>
 <o:File HRef="image1586.gif"/>
 <o:File HRef="image1587.wmz"/>
 <o:File HRef="image1588.wmz"/>
 <o:File HRef="image1589.gif"/>
 <o:File HRef="image1590.wmz"/>
 <o:File HRef="image1591.gif"/>
 <o:File HRef="image1592.wmz"/>
 <o:File HRef="image1593.gif"/>
 <o:File HRef="image1594.wmz"/>
 <o:File HRef="image1595.gif"/>
 <o:File HRef="image1596.wmz"/>
 <o:File HRef="image1597.gif"/>
 <o:File HRef="image1598.wmz"/>
 <o:File HRef="image1599.gif"/>
 <o:File HRef="image1600.wmz"/>
 <o:File HRef="image1601.gif"/>
 <o:File HRef="image1602.wmz"/>
 <o:File HRef="image1603.gif"/>
 <o:File HRef="image1604.wmz"/>
 <o:File HRef="image1605.gif"/>
 <o:File HRef="image1606.wmz"/>
 <o:File HRef="image1607.gif"/>
 <o:File HRef="image1608.wmz"/>
 <o:File HRef="image1609.gif"/>
 <o:File HRef="image1610.wmz"/>
 <o:File HRef="image1611.gif"/>
 <o:File HRef="image1612.wmz"/>
 <o:File HRef="image1613.gif"/>
 <o:File HRef="image1614.wmz"/>
 <o:File HRef="image1615.gif"/>
 <o:File HRef="image1616.wmz"/>
 <o:File HRef="image1617.gif"/>
 <o:File HRef="image1618.wmz"/>
 <o:File HRef="image1619.gif"/>
 <o:File HRef="image1620.wmz"/>
 <o:File HRef="image1621.wmz"/>
 <o:File HRef="image1622.gif"/>
 <o:File HRef="image1623.wmz"/>
 <o:File HRef="image1624.wmz"/>
 <o:File HRef="image1625.gif"/>
 <o:File HRef="image1626.wmz"/>
 <o:File HRef="image1627.gif"/>
 <o:File HRef="image1628.wmz"/>
 <o:File HRef="image1629.gif"/>
 <o:File HRef="image1630.wmz"/>
 <o:File HRef="image1631.gif"/>
 <o:File HRef="image1632.wmz"/>
 <o:File HRef="image1633.gif"/>
 <o:File HRef="image1634.wmz"/>
 <o:File HRef="image1635.gif"/>
 <o:File HRef="image1636.wmz"/>
 <o:File HRef="image1637.gif"/>
 <o:File HRef="image1638.wmz"/>
 <o:File HRef="image1639.gif"/>
 <o:File HRef="image1640.wmz"/>
 <o:File HRef="image1641.wmz"/>
 <o:File HRef="image1642.wmz"/>
 <o:File HRef="image1643.gif"/>
 <o:File HRef="image1644.wmz"/>
 <o:File HRef="image1645.gif"/>
 <o:File HRef="image1646.wmz"/>
 <o:File HRef="image1647.wmz"/>
 <o:File HRef="image1648.gif"/>
 <o:File HRef="image1649.wmz"/>
 <o:File HRef="image1650.gif"/>
 <o:File HRef="image1651.wmz"/>
 <o:File HRef="image1652.gif"/>
 <o:File HRef="image1653.wmz"/>
 <o:File HRef="image1654.gif"/>
 <o:File HRef="image1655.wmz"/>
 <o:File HRef="image1656.gif"/>
 <o:File HRef="image1657.wmz"/>
 <o:File HRef="image1658.gif"/>
 <o:File HRef="image1659.wmz"/>
 <o:File HRef="image1660.gif"/>
 <o:File HRef="image1661.wmz"/>
 <o:File HRef="image1662.gif"/>
 <o:File HRef="image1663.wmz"/>
 <o:File HRef="image1664.gif"/>
 <o:File HRef="image1665.wmz"/>
 <o:File HRef="image1666.wmz"/>
 <o:File HRef="image1667.wmz"/>
 <o:File HRef="image1668.gif"/>
 <o:File HRef="image1669.wmz"/>
 <o:File HRef="image1670.gif"/>
 <o:File HRef="image1671.wmz"/>
 <o:File HRef="image1672.gif"/>
 <o:File HRef="image1673.wmz"/>
 <o:File HRef="image1674.gif"/>
 <o:File HRef="image1675.wmz"/>
 <o:File HRef="image1676.gif"/>
 <o:File HRef="image1677.wmz"/>
 <o:File HRef="image1678.gif"/>
 <o:File HRef="image1679.wmz"/>
 <o:File HRef="image1680.gif"/>
 <o:File HRef="image1681.wmz"/>
 <o:File HRef="image1682.wmz"/>
 <o:File HRef="image1683.gif"/>
 <o:File HRef="image1684.wmz"/>
 <o:File HRef="image1685.gif"/>
 <o:File HRef="image1686.wmz"/>
 <o:File HRef="image1687.gif"/>
 <o:File HRef="image1688.wmz"/>
 <o:File HRef="image1689.wmz"/>
 <o:File HRef="image1690.gif"/>
 <o:File HRef="image1691.wmz"/>
 <o:File HRef="image1692.gif"/>
 <o:File HRef="image1693.wmz"/>
 <o:File HRef="image1694.gif"/>
 <o:File HRef="image1695.wmz"/>
 <o:File HRef="image1696.gif"/>
 <o:File HRef="image1697.wmz"/>
 <o:File HRef="image1698.wmz"/>
 <o:File HRef="image1699.gif"/>
 <o:File HRef="image1700.wmz"/>
 <o:File HRef="image1701.gif"/>
 <o:File HRef="image1702.wmz"/>
 <o:File HRef="image1703.gif"/>
 <o:File HRef="image1704.wmz"/>
 <o:File HRef="image1705.wmz"/>
 <o:File HRef="image1706.gif"/>
 <o:File HRef="image1707.wmz"/>
 <o:File HRef="image1708.gif"/>
 <o:File HRef="image1709.wmz"/>
 <o:File HRef="image1710.gif"/>
 <o:File HRef="image1711.wmz"/>
 <o:File HRef="image1712.gif"/>
 <o:File HRef="image1713.wmz"/>
 <o:File HRef="image1714.gif"/>
 <o:File HRef="image1715.wmz"/>
 <o:File HRef="image1716.gif"/>
 <o:File HRef="image1717.wmz"/>
 <o:File HRef="image1718.gif"/>
 <o:File HRef="image1719.wmz"/>
 <o:File HRef="image1720.gif"/>
 <o:File HRef="image1721.wmz"/>
 <o:File HRef="image1722.gif"/>
 <o:File HRef="image1723.wmz"/>
 <o:File HRef="image1724.gif"/>
 <o:File HRef="image1725.wmz"/>
 <o:File HRef="image1726.gif"/>
 <o:File HRef="image1727.wmz"/>
 <o:File HRef="image1728.gif"/>
 <o:File HRef="image1729.wmz"/>
 <o:File HRef="image1730.gif"/>
 <o:File HRef="image1731.wmz"/>
 <o:File HRef="image1732.gif"/>
 <o:File HRef="image1733.wmz"/>
 <o:File HRef="image1734.wmz"/>
 <o:File HRef="image1735.gif"/>
 <o:File HRef="image1736.wmz"/>
 <o:File HRef="image1737.gif"/>
 <o:File HRef="image1738.wmz"/>
 <o:File HRef="image1739.gif"/>
 <o:File HRef="image1740.wmz"/>
 <o:File HRef="image1741.gif"/>
 <o:File HRef="image1742.wmz"/>
 <o:File HRef="image1743.gif"/>
 <o:File HRef="image1744.wmz"/>
 <o:File HRef="image1745.wmz"/>
 <o:File HRef="image1746.gif"/>
 <o:File HRef="image1747.wmz"/>
 <o:File HRef="image1748.wmz"/>
 <o:File HRef="image1749.wmz"/>
 <o:File HRef="image1750.gif"/>
 <o:File HRef="image1751.wmz"/>
 <o:File HRef="image1752.wmz"/>
 <o:File HRef="image1753.wmz"/>
 <o:File HRef="image1754.wmz"/>
 <o:File HRef="image1755.wmz"/>
 <o:File HRef="image1756.wmz"/>
 <o:File HRef="image1757.wmz"/>
 <o:File HRef="image1758.wmz"/>
 <o:File HRef="image1759.gif"/>
 <o:File HRef="image1760.wmz"/>
 <o:File HRef="image1761.wmz"/>
 <o:File HRef="image1762.gif"/>
 <o:File HRef="image1763.wmz"/>
 <o:File HRef="image1764.gif"/>
 <o:File HRef="image1765.wmz"/>
 <o:File HRef="image1766.wmz"/>
 <o:File HRef="image1767.gif"/>
 <o:File HRef="image1768.wmz"/>
 <o:File HRef="image1769.wmz"/>
 <o:File HRef="image1770.gif"/>
 <o:File HRef="image1771.wmz"/>
 <o:File HRef="image1772.wmz"/>
 <o:File HRef="image1773.wmz"/>
 <o:File HRef="image1774.wmz"/>
 <o:File HRef="image1775.gif"/>
 <o:File HRef="image1776.wmz"/>
 <o:File HRef="image1777.gif"/>
 <o:File HRef="image1778.wmz"/>
 <o:File HRef="image1779.gif"/>
 <o:File HRef="image1780.wmz"/>
 <o:File HRef="image1781.gif"/>
 <o:File HRef="image1782.wmz"/>
 <o:File HRef="image1783.wmz"/>
 <o:File HRef="image1784.gif"/>
 <o:File HRef="image1785.wmz"/>
 <o:File HRef="image1786.gif"/>
 <o:File HRef="image1787.wmz"/>
 <o:File HRef="image1788.gif"/>
 <o:File HRef="image1789.wmz"/>
 <o:File HRef="image1790.gif"/>
 <o:File HRef="image1791.wmz"/>
 <o:File HRef="image1792.wmz"/>
 <o:File HRef="image1793.wmz"/>
 <o:File HRef="image1794.wmz"/>
 <o:File HRef="image1795.wmz"/>
 <o:File HRef="image1796.gif"/>
 <o:File HRef="image1797.wmz"/>
 <o:File HRef="image1798.gif"/>
 <o:File HRef="image1799.wmz"/>
 <o:File HRef="image1800.gif"/>
 <o:File HRef="image1801.wmz"/>
 <o:File HRef="image1802.gif"/>
 <o:File HRef="image1803.wmz"/>
 <o:File HRef="image1804.gif"/>
 <o:File HRef="image1805.wmz"/>
 <o:File HRef="image1806.gif"/>
 <o:File HRef="image1807.wmz"/>
 <o:File HRef="image1808.wmz"/>
 <o:File HRef="image1809.wmz"/>
 <o:File HRef="image1810.wmz"/>
 <o:File HRef="image1811.wmz"/>
 <o:File HRef="image1812.wmz"/>
 <o:File HRef="image1813.wmz"/>
 <o:File HRef="image1814.wmz"/>
 <o:File HRef="image1815.gif"/>
 <o:File HRef="image1816.wmz"/>
 <o:File HRef="image1817.wmz"/>
 <o:File HRef="image1818.gif"/>
 <o:File HRef="image1819.wmz"/>
 <o:File HRef="image1820.wmz"/>
 <o:File HRef="image1821.gif"/>
 <o:File HRef="image1822.wmz"/>
 <o:File HRef="image1823.wmz"/>
 <o:File HRef="image1824.wmz"/>
 <o:File HRef="image1825.wmz"/>
 <o:File HRef="image1826.gif"/>
 <o:File HRef="image1827.wmz"/>
 <o:File HRef="image1828.gif"/>
 <o:File HRef="image1829.wmz"/>
 <o:File HRef="image1830.gif"/>
 <o:File HRef="image1831.wmz"/>
 <o:File HRef="image1832.gif"/>
 <o:File HRef="image1833.wmz"/>
 <o:File HRef="image1834.gif"/>
 <o:File HRef="image1835.wmz"/>
 <o:File HRef="image1836.gif"/>
 <o:File HRef="image1837.wmz"/>
 <o:File HRef="image1838.gif"/>
 <o:File HRef="image1839.wmz"/>
 <o:File HRef="image1840.gif"/>
 <o:File HRef="image1841.wmz"/>
 <o:File HRef="image1842.gif"/>
 <o:File HRef="image1843.wmz"/>
 <o:File HRef="image1844.gif"/>
 <o:File HRef="image1845.wmz"/>
 <o:File HRef="image1846.gif"/>
 <o:File HRef="image1847.wmz"/>
 <o:File HRef="image1848.gif"/>
 <o:File HRef="image1849.wmz"/>
 <o:File HRef="image1850.gif"/>
 <o:File HRef="image1851.wmz"/>
 <o:File HRef="image1852.gif"/>
 <o:File HRef="image1853.wmz"/>
 <o:File HRef="image1854.gif"/>
 <o:File HRef="image1855.wmz"/>
 <o:File HRef="image1856.gif"/>
 <o:File HRef="image1857.wmz"/>
 <o:File HRef="image1858.gif"/>
 <o:File HRef="image1859.wmz"/>
 <o:File HRef="image1860.gif"/>
 <o:File HRef="image1861.wmz"/>
 <o:File HRef="image1862.gif"/>
 <o:File HRef="image1863.wmz"/>
 <o:File HRef="image1864.wmz"/>
 <o:File HRef="image1865.gif"/>
 <o:File HRef="image1866.wmz"/>
 <o:File HRef="image1867.gif"/>
 <o:File HRef="image1868.wmz"/>
 <o:File HRef="image1869.gif"/>
 <o:File HRef="image1870.wmz"/>
 <o:File HRef="image1871.gif"/>
 <o:File HRef="image1872.wmz"/>
 <o:File HRef="image1873.gif"/>
 <o:File HRef="image1874.wmz"/>
 <o:File HRef="image1875.wmz"/>
 <o:File HRef="image1876.wmz"/>
 <o:File HRef="image1877.gif"/>
 <o:File HRef="image1878.wmz"/>
 <o:File HRef="image1879.gif"/>
 <o:File HRef="image1880.wmz"/>
 <o:File HRef="image1881.wmz"/>
 <o:File HRef="image1882.wmz"/>
 <o:File HRef="image1883.wmz"/>
 <o:File HRef="image1884.wmz"/>
 <o:File HRef="image1885.gif"/>
 <o:File HRef="image1886.wmz"/>
 <o:File HRef="image1887.gif"/>
 <o:File HRef="image1888.wmz"/>
 <o:File HRef="image1889.gif"/>
 <o:File HRef="image1890.wmz"/>
 <o:File HRef="image1891.gif"/>
 <o:File HRef="image1892.wmz"/>
 <o:File HRef="image1893.gif"/>
 <o:File HRef="image1894.wmz"/>
 <o:File HRef="image1895.gif"/>
 <o:File HRef="image1896.wmz"/>
 <o:File HRef="image1897.gif"/>
 <o:File HRef="image1898.wmz"/>
 <o:File HRef="image1899.wmz"/>
 <o:File HRef="image1900.gif"/>
 <o:File HRef="image1901.wmz"/>
 <o:File HRef="image1902.gif"/>
 <o:File HRef="image1903.wmz"/>
 <o:File HRef="image1904.gif"/>
 <o:File HRef="image1905.wmz"/>
 <o:File HRef="image1906.gif"/>
 <o:File HRef="image1907.wmz"/>
 <o:File HRef="image1908.gif"/>
 <o:File HRef="image1909.wmz"/>
 <o:File HRef="image1910.gif"/>
 <o:File HRef="image1911.wmz"/>
 <o:File HRef="image1912.gif"/>
 <o:File HRef="image1913.wmz"/>
 <o:File HRef="image1914.wmz"/>
 <o:File HRef="image1915.wmz"/>
 <o:File HRef="image1916.gif"/>
 <o:File HRef="image1917.wmz"/>
 <o:File HRef="image1918.wmz"/>
 <o:File HRef="image1919.wmz"/>
 <o:File HRef="image1920.wmz"/>
 <o:File HRef="image1921.gif"/>
 <o:File HRef="image1922.wmz"/>
 <o:File HRef="image1923.gif"/>
 <o:File HRef="image1924.wmz"/>
 <o:File HRef="image1925.gif"/>
 <o:File HRef="image1926.wmz"/>
 <o:File HRef="image1927.gif"/>
 <o:File HRef="image1928.wmz"/>
 <o:File HRef="image1929.gif"/>
 <o:File HRef="image1930.wmz"/>
 <o:File HRef="image1931.gif"/>
 <o:File HRef="image1932.wmz"/>
 <o:File HRef="image1933.wmz"/>
 <o:File HRef="image1934.gif"/>
 <o:File HRef="image1935.wmz"/>
 <o:File HRef="image1936.gif"/>
 <o:File HRef="image1937.wmz"/>
 <o:File HRef="image1938.gif"/>
 <o:File HRef="image1939.wmz"/>
 <o:File HRef="image1940.gif"/>
 <o:File HRef="image1941.wmz"/>
 <o:File HRef="image1942.wmz"/>
 <o:File HRef="image1943.gif"/>
 <o:File HRef="image1944.wmz"/>
 <o:File HRef="image1945.gif"/>
 <o:File HRef="image1946.wmz"/>
 <o:File HRef="image1947.gif"/>
 <o:File HRef="image1948.wmz"/>
 <o:File HRef="image1949.wmz"/>
 <o:File HRef="image1950.gif"/>
 <o:File HRef="image1951.wmz"/>
 <o:File HRef="image1952.gif"/>
 <o:File HRef="image1953.wmz"/>
 <o:File HRef="image1954.wmz"/>
 <o:File HRef="image1955.gif"/>
 <o:File HRef="image1956.wmz"/>
 <o:File HRef="image1957.gif"/>
 <o:File HRef="image1958.wmz"/>
 <o:File HRef="image1959.gif"/>
 <o:File HRef="image1960.wmz"/>
 <o:File HRef="image1961.wmz"/>
 <o:File HRef="image1962.gif"/>
 <o:File HRef="image1963.wmz"/>
 <o:File HRef="image1964.gif"/>
 <o:File HRef="image1965.wmz"/>
 <o:File HRef="image1966.wmz"/>
 <o:File HRef="image1967.wmz"/>
 <o:File HRef="image1968.gif"/>
 <o:File HRef="image1969.wmz"/>
 <o:File HRef="image1970.gif"/>
 <o:File HRef="image1971.wmz"/>
 <o:File HRef="image1972.gif"/>
 <o:File HRef="image1973.wmz"/>
 <o:File HRef="image1974.gif"/>
 <o:File HRef="image1975.wmz"/>
 <o:File HRef="image1976.gif"/>
 <o:File HRef="image1977.wmz"/>
 <o:File HRef="image1978.wmz"/>
 <o:File HRef="image1979.wmz"/>
 <o:File HRef="image1980.gif"/>
 <o:File HRef="image1981.wmz"/>
 <o:File HRef="image1982.gif"/>
 <o:File HRef="image1983.wmz"/>
 <o:File HRef="image1984.wmz"/>
 <o:File HRef="image1985.wmz"/>
 <o:File HRef="image1986.gif"/>
 <o:File HRef="image1987.wmz"/>
 <o:File HRef="image1988.gif"/>
 <o:File HRef="image1989.wmz"/>
 <o:File HRef="image1990.gif"/>
 <o:File HRef="image1991.wmz"/>
 <o:File HRef="image1992.gif"/>
 <o:File HRef="image1993.wmz"/>
 <o:File HRef="image1994.wmz"/>
 <o:File HRef="image1995.gif"/>
 <o:File HRef="image1996.wmz"/>
 <o:File HRef="image1997.gif"/>
 <o:File HRef="image1998.wmz"/>
 <o:File HRef="image1999.gif"/>
 <o:File HRef="image2000.wmz"/>
 <o:File HRef="image2001.gif"/>
 <o:File HRef="image2002.wmz"/>
 <o:File HRef="image2003.gif"/>
 <o:File HRef="image2004.wmz"/>
 <o:File HRef="image2005.gif"/>
 <o:File HRef="image2006.wmz"/>
 <o:File HRef="image2007.gif"/>
 <o:File HRef="image2008.wmz"/>
 <o:File HRef="image2009.wmz"/>
 <o:File HRef="image2010.gif"/>
 <o:File HRef="image2011.wmz"/>
 <o:File HRef="image2012.wmz"/>
 <o:File HRef="image2013.gif"/>
 <o:File HRef="image2014.wmz"/>
 <o:File HRef="image2015.gif"/>
 <o:File HRef="image2016.wmz"/>
 <o:File HRef="image2017.wmz"/>
 <o:File HRef="image2018.wmz"/>
 <o:File HRef="image2019.wmz"/>
 <o:File HRef="image2020.gif"/>
 <o:File HRef="image2021.wmz"/>
 <o:File HRef="image2022.gif"/>
 <o:File HRef="image2023.wmz"/>
 <o:File HRef="image2024.gif"/>
 <o:File HRef="image2025.wmz"/>
 <o:File HRef="image2026.gif"/>
 <o:File HRef="image2027.wmz"/>
 <o:File HRef="image2028.gif"/>
 <o:File HRef="image2029.wmz"/>
 <o:File HRef="image2030.gif"/>
 <o:File HRef="image2031.wmz"/>
 <o:File HRef="image2032.gif"/>
 <o:File HRef="image2033.wmz"/>
 <o:File HRef="image2034.gif"/>
 <o:File HRef="image2035.wmz"/>
 <o:File HRef="image2036.gif"/>
 <o:File HRef="image2037.wmz"/>
 <o:File HRef="image2038.gif"/>
 <o:File HRef="image2039.wmz"/>
 <o:File HRef="image2040.wmz"/>
 <o:File HRef="image2041.gif"/>
 <o:File HRef="image2042.wmz"/>
 <o:File HRef="image2043.gif"/>
 <o:File HRef="image2044.wmz"/>
 <o:File HRef="image2045.gif"/>
 <o:File HRef="image2046.wmz"/>
 <o:File HRef="image2047.gif"/>
 <o:File HRef="image2048.wmz"/>
 <o:File HRef="image2049.gif"/>
 <o:File HRef="image2050.wmz"/>
 <o:File HRef="image2051.gif"/>
 <o:File HRef="image2052.wmz"/>
 <o:File HRef="image2053.gif"/>
 <o:File HRef="image2054.wmz"/>
 <o:File HRef="image2055.gif"/>
 <o:File HRef="image2056.wmz"/>
 <o:File HRef="image2057.gif"/>
 <o:File HRef="image2058.wmz"/>
 <o:File HRef="image2059.gif"/>
 <o:File HRef="image2060.wmz"/>
 <o:File HRef="image2061.wmz"/>
 <o:File HRef="image2062.gif"/>
 <o:File HRef="image2063.wmz"/>
 <o:File HRef="image2064.gif"/>
 <o:File HRef="image2065.wmz"/>
 <o:File HRef="image2066.gif"/>
 <o:File HRef="image2067.wmz"/>
 <o:File HRef="image2068.gif"/>
 <o:File HRef="image2069.wmz"/>
 <o:File HRef="image2070.gif"/>
 <o:File HRef="image2071.wmz"/>
 <o:File HRef="image2072.gif"/>
 <o:File HRef="image2073.wmz"/>
 <o:File HRef="image2074.gif"/>
 <o:File HRef="image2075.wmz"/>
 <o:File HRef="image2076.gif"/>
 <o:File HRef="image2077.wmz"/>
 <o:File HRef="image2078.gif"/>
 <o:File HRef="image2079.wmz"/>
 <o:File HRef="image2080.gif"/>
 <o:File HRef="image2081.wmz"/>
 <o:File HRef="image2082.gif"/>
 <o:File HRef="image2083.wmz"/>
 <o:File HRef="image2084.gif"/>
 <o:File HRef="image2085.wmz"/>
 <o:File HRef="image2086.gif"/>
 <o:File HRef="image2087.wmz"/>
 <o:File HRef="image2088.gif"/>
 <o:File HRef="image2089.wmz"/>
 <o:File HRef="image2090.gif"/>
 <o:File HRef="image2091.wmz"/>
 <o:File HRef="image2092.gif"/>
 <o:File HRef="image2093.wmz"/>
 <o:File HRef="image2094.gif"/>
 <o:File HRef="image2095.wmz"/>
 <o:File HRef="image2096.gif"/>
 <o:File HRef="image2097.wmz"/>
 <o:File HRef="image2098.gif"/>
 <o:File HRef="image2099.wmz"/>
 <o:File HRef="image2100.gif"/>
 <o:File HRef="image2101.wmz"/>
 <o:File HRef="image2102.gif"/>
 <o:File HRef="image2103.wmz"/>
 <o:File HRef="image2104.gif"/>
 <o:File HRef="image2105.wmz"/>
 <o:File HRef="image2106.wmz"/>
 <o:File HRef="image2107.wmz"/>
 <o:File HRef="image2108.gif"/>
 <o:File HRef="image2109.wmz"/>
 <o:File HRef="image2110.gif"/>
 <o:File HRef="image2111.wmz"/>
 <o:File HRef="image2112.gif"/>
 <o:File HRef="image2113.wmz"/>
 <o:File HRef="image2114.gif"/>
 <o:File HRef="image2115.wmz"/>
 <o:File HRef="image2116.gif"/>
 <o:File HRef="image2117.wmz"/>
 <o:File HRef="image2118.gif"/>
 <o:File HRef="image2119.wmz"/>
 <o:File HRef="image2120.gif"/>
 <o:File HRef="image2121.wmz"/>
 <o:File HRef="image2122.wmz"/>
 <o:File HRef="image2123.gif"/>
 <o:File HRef="image2124.wmz"/>
 <o:File HRef="image2125.gif"/>
 <o:File HRef="image2126.wmz"/>
 <o:File HRef="image2127.wmz"/>
 <o:File HRef="image2128.gif"/>
 <o:File HRef="image2129.wmz"/>
 <o:File HRef="image2130.wmz"/>
 <o:File HRef="image2131.wmz"/>
 <o:File HRef="image2132.gif"/>
 <o:File HRef="image2133.wmz"/>
 <o:File HRef="image2134.wmz"/>
 <o:File HRef="image2135.gif"/>
 <o:File HRef="image2136.wmz"/>
 <o:File HRef="image2137.wmz"/>
 <o:File HRef="image2138.wmz"/>
 <o:File HRef="image2139.wmz"/>
 <o:File HRef="image2140.wmz"/>
 <o:File HRef="image2141.wmz"/>
 <o:File HRef="image2142.wmz"/>
 <o:File HRef="image2143.wmz"/>
 <o:File HRef="image2144.wmz"/>
 <o:File HRef="image2145.wmz"/>
 <o:File HRef="image2146.gif"/>
 <o:File HRef="image2147.wmz"/>
 <o:File HRef="image2148.gif"/>
 <o:File HRef="image2149.wmz"/>
 <o:File HRef="image2150.gif"/>
 <o:File HRef="image2151.wmz"/>
 <o:File HRef="image2152.gif"/>
 <o:File HRef="image2153.wmz"/>
 <o:File HRef="image2154.gif"/>
 <o:File HRef="image2155.wmz"/>
 <o:File HRef="image2156.gif"/>
 <o:File HRef="image2157.wmz"/>
 <o:File HRef="image2158.gif"/>
 <o:File HRef="image2159.wmz"/>
 <o:File HRef="image2160.gif"/>
 <o:File HRef="image2161.wmz"/>
 <o:File HRef="image2162.gif"/>
 <o:File HRef="image2163.wmz"/>
 <o:File HRef="image2164.gif"/>
 <o:File HRef="image2165.wmz"/>
 <o:File HRef="image2166.gif"/>
 <o:File HRef="image2167.wmz"/>
 <o:File HRef="image2168.gif"/>
 <o:File HRef="image2169.wmz"/>
 <o:File HRef="image2170.gif"/>
 <o:File HRef="image2171.wmz"/>
 <o:File HRef="image2172.wmz"/>
 <o:File HRef="image2173.gif"/>
 <o:File HRef="image2174.wmz"/>
 <o:File HRef="image2175.wmz"/>
 <o:File HRef="image2176.gif"/>
 <o:File HRef="image2177.wmz"/>
 <o:File HRef="image2178.wmz"/>
 <o:File HRef="image2179.gif"/>
 <o:File HRef="image2180.wmz"/>
 <o:File HRef="image2181.wmz"/>
 <o:File HRef="image2182.gif"/>
 <o:File HRef="image2183.wmz"/>
 <o:File HRef="image2184.gif"/>
 <o:File HRef="image2185.wmz"/>
 <o:File HRef="image2186.gif"/>
 <o:File HRef="image2187.wmz"/>
 <o:File HRef="image2188.gif"/>
 <o:File HRef="image2189.wmz"/>
 <o:File HRef="image2190.wmz"/>
 <o:File HRef="image2191.gif"/>
 <o:File HRef="image2192.wmz"/>
 <o:File HRef="image2193.gif"/>
 <o:File HRef="image2194.wmz"/>
 <o:File HRef="image2195.wmz"/>
 <o:File HRef="image2196.gif"/>
 <o:File HRef="image2197.wmz"/>
 <o:File HRef="image2198.gif"/>
 <o:File HRef="image2199.wmz"/>
 <o:File HRef="image2200.gif"/>
 <o:File HRef="image2201.wmz"/>
 <o:File HRef="image2202.gif"/>
 <o:File HRef="image2203.wmz"/>
 <o:File HRef="image2204.gif"/>
 <o:File HRef="image2205.wmz"/>
 <o:File HRef="image2206.gif"/>
 <o:File HRef="image2207.wmz"/>
 <o:File HRef="image2208.gif"/>
 <o:File HRef="image2209.wmz"/>
 <o:File HRef="image2210.gif"/>
 <o:File HRef="image2211.wmz"/>
 <o:File HRef="image2212.gif"/>
 <o:File HRef="image2213.wmz"/>
 <o:File HRef="image2214.wmz"/>
 <o:File HRef="image2215.gif"/>
 <o:File HRef="image2216.wmz"/>
 <o:File HRef="image2217.gif"/>
 <o:File HRef="image2218.wmz"/>
 <o:File HRef="image2219.gif"/>
 <o:File HRef="image2220.wmz"/>
 <o:File HRef="image2221.gif"/>
 <o:File HRef="image2222.wmz"/>
 <o:File HRef="image2223.gif"/>
 <o:File HRef="image2224.wmz"/>
 <o:File HRef="image2225.gif"/>
 <o:File HRef="image2226.wmz"/>
 <o:File HRef="image2227.gif"/>
 <o:File HRef="image2228.wmz"/>
 <o:File HRef="image2229.gif"/>
 <o:File HRef="image2230.wmz"/>
 <o:File HRef="image2231.gif"/>
 <o:File HRef="image2232.wmz"/>
 <o:File HRef="image2233.gif"/>
 <o:File HRef="image2234.wmz"/>
 <o:File HRef="image2235.gif"/>
 <o:File HRef="image2236.wmz"/>
 <o:File HRef="image2237.gif"/>
 <o:File HRef="image2238.wmz"/>
 <o:File HRef="image2239.gif"/>
 <o:File HRef="image2240.wmz"/>
 <o:File HRef="image2241.gif"/>
 <o:File HRef="image2242.wmz"/>
 <o:File HRef="image2243.gif"/>
 <o:File HRef="image2244.wmz"/>
 <o:File HRef="image2245.gif"/>
 <o:File HRef="image2246.wmz"/>
 <o:File HRef="image2247.gif"/>
 <o:File HRef="image2248.wmz"/>
 <o:File HRef="image2249.gif"/>
 <o:File HRef="image2250.wmz"/>
 <o:File HRef="image2251.gif"/>
 <o:File HRef="image2252.wmz"/>
 <o:File HRef="image2253.gif"/>
 <o:File HRef="image2254.wmz"/>
 <o:File HRef="image2255.gif"/>
 <o:File HRef="image2256.wmz"/>
 <o:File HRef="image2257.gif"/>
 <o:File HRef="image2258.wmz"/>
 <o:File HRef="image2259.gif"/>
 <o:File HRef="image2260.wmz"/>
 <o:File HRef="image2261.gif"/>
 <o:File HRef="image2262.wmz"/>
 <o:File HRef="image2263.gif"/>
 <o:File HRef="image2264.wmz"/>
 <o:File HRef="image2265.gif"/>
 <o:File HRef="image2266.wmz"/>
 <o:File HRef="image2267.gif"/>
 <o:File HRef="image2268.wmz"/>
 <o:File HRef="image2269.gif"/>
 <o:File HRef="image2270.wmz"/>
 <o:File HRef="image2271.gif"/>
 <o:File HRef="image2272.wmz"/>
 <o:File HRef="image2273.gif"/>
 <o:File HRef="image2274.wmz"/>
 <o:File HRef="image2275.gif"/>
 <o:File HRef="image2276.wmz"/>
 <o:File HRef="image2277.gif"/>
 <o:File HRef="image2278.wmz"/>
 <o:File HRef="image2279.gif"/>
 <o:File HRef="image2280.wmz"/>
 <o:File HRef="image2281.gif"/>
 <o:File HRef="image2282.wmz"/>
 <o:File HRef="image2283.gif"/>
 <o:File HRef="image2284.wmz"/>
 <o:File HRef="image2285.gif"/>
 <o:File HRef="image2286.wmz"/>
 <o:File HRef="image2287.gif"/>
 <o:File HRef="image2288.wmz"/>
 <o:File HRef="image2289.gif"/>
 <o:File HRef="image2290.wmz"/>
 <o:File HRef="image2291.gif"/>
 <o:File HRef="image2292.wmz"/>
 <o:File HRef="image2293.gif"/>
 <o:File HRef="image2294.wmz"/>
 <o:File HRef="image2295.gif"/>
 <o:File HRef="image2296.wmz"/>
 <o:File HRef="image2297.gif"/>
 <o:File HRef="image2298.wmz"/>
 <o:File HRef="image2299.wmz"/>
 <o:File HRef="image2300.wmz"/>
 <o:File HRef="image2301.wmz"/>
 <o:File HRef="image2302.wmz"/>
 <o:File HRef="image2303.wmz"/>
 <o:File HRef="image2304.gif"/>
 <o:File HRef="image2305.wmz"/>
 <o:File HRef="image2306.gif"/>
 <o:File HRef="image2307.wmz"/>
 <o:File HRef="image2308.gif"/>
 <o:File HRef="image2309.wmz"/>
 <o:File HRef="image2310.gif"/>
 <o:File HRef="image2311.wmz"/>
 <o:File HRef="image2312.wmz"/>
 <o:File HRef="image2313.gif"/>
 <o:File HRef="image2314.wmz"/>
 <o:File HRef="image2315.wmz"/>
 <o:File HRef="image2316.gif"/>
 <o:File HRef="image2317.wmz"/>
 <o:File HRef="image2318.gif"/>
 <o:File HRef="image2319.wmz"/>
 <o:File HRef="image2320.wmz"/>
 <o:File HRef="image2321.gif"/>
 <o:File HRef="image2322.wmz"/>
 <o:File HRef="image2323.gif"/>
 <o:File HRef="image2324.wmz"/>
 <o:File HRef="image2325.gif"/>
 <o:File HRef="image2326.wmz"/>
 <o:File HRef="image2327.gif"/>
 <o:File HRef="image2328.wmz"/>
 <o:File HRef="image2329.gif"/>
 <o:File HRef="image2330.wmz"/>
 <o:File HRef="image2331.gif"/>
 <o:File HRef="image2332.wmz"/>
 <o:File HRef="image2333.gif"/>
 <o:File HRef="image2334.wmz"/>
 <o:File HRef="image2335.gif"/>
 <o:File HRef="image2336.wmz"/>
 <o:File HRef="image2337.gif"/>
 <o:File HRef="image2338.wmz"/>
 <o:File HRef="image2339.wmz"/>
 <o:File HRef="image2340.wmz"/>
 <o:File HRef="image2341.gif"/>
 <o:File HRef="image2342.wmz"/>
 <o:File HRef="image2343.wmz"/>
 <o:File HRef="image2344.wmz"/>
 <o:File HRef="image2345.wmz"/>
 <o:File HRef="image2346.gif"/>
 <o:File HRef="image2347.wmz"/>
 <o:File HRef="image2348.gif"/>
 <o:File HRef="image2349.wmz"/>
 <o:File HRef="image2350.gif"/>
 <o:File HRef="image2351.wmz"/>
 <o:File HRef="image2352.gif"/>
 <o:File HRef="image2353.wmz"/>
 <o:File HRef="image2354.gif"/>
 <o:File HRef="image2355.wmz"/>
 <o:File HRef="image2356.gif"/>
 <o:File HRef="image2357.wmz"/>
 <o:File HRef="image2358.gif"/>
 <o:File HRef="image2359.wmz"/>
 <o:File HRef="image2360.gif"/>
 <o:File HRef="image2361.wmz"/>
 <o:File HRef="image2362.gif"/>
 <o:File HRef="image2363.wmz"/>
 <o:File HRef="image2364.gif"/>
 <o:File HRef="image2365.wmz"/>
 <o:File HRef="image2366.gif"/>
 <o:File HRef="image2367.wmz"/>
 <o:File HRef="image2368.gif"/>
 <o:File HRef="image2369.wmz"/>
 <o:File HRef="image2370.gif"/>
 <o:File HRef="image2371.wmz"/>
 <o:File HRef="image2372.gif"/>
 <o:File HRef="image2373.wmz"/>
 <o:File HRef="image2374.gif"/>
 <o:File HRef="image2375.wmz"/>
 <o:File HRef="image2376.gif"/>
 <o:File HRef="image2377.wmz"/>
 <o:File HRef="image2378.gif"/>
 <o:File HRef="image2379.wmz"/>
 <o:File HRef="image2380.wmz"/>
 <o:File HRef="image2381.gif"/>
 <o:File HRef="image2382.wmz"/>
 <o:File HRef="image2383.gif"/>
 <o:File HRef="image2384.wmz"/>
 <o:File HRef="image2385.gif"/>
 <o:File HRef="image2386.wmz"/>
 <o:File HRef="image2387.gif"/>
 <o:File HRef="image2388.wmz"/>
 <o:File HRef="image2389.gif"/>
 <o:File HRef="image2390.wmz"/>
 <o:File HRef="image2391.gif"/>
 <o:File HRef="image2392.wmz"/>
 <o:File HRef="image2393.gif"/>
 <o:File HRef="image2394.wmz"/>
 <o:File HRef="image2395.gif"/>
 <o:File HRef="image2396.wmz"/>
 <o:File HRef="image2397.gif"/>
 <o:File HRef="image2398.wmz"/>
 <o:File HRef="image2399.gif"/>
 <o:File HRef="image2400.wmz"/>
 <o:File HRef="image2401.gif"/>
 <o:File HRef="image2402.wmz"/>
 <o:File HRef="image2403.gif"/>
 <o:File HRef="image2404.wmz"/>
 <o:File HRef="image2405.gif"/>
 <o:File HRef="image2406.wmz"/>
 <o:File HRef="image2407.gif"/>
 <o:File HRef="image2408.wmz"/>
 <o:File HRef="image2409.gif"/>
 <o:File HRef="image2410.wmz"/>
 <o:File HRef="image2411.gif"/>
 <o:File HRef="image2412.wmz"/>
 <o:File HRef="image2413.gif"/>
 <o:File HRef="image2414.wmz"/>
 <o:File HRef="image2415.gif"/>
 <o:File HRef="image2416.wmz"/>
 <o:File HRef="image2417.wmz"/>
 <o:File HRef="image2418.wmz"/>
 <o:File HRef="image2419.gif"/>
 <o:File HRef="image2420.wmz"/>
 <o:File HRef="image2421.wmz"/>
 <o:File HRef="image2422.gif"/>
 <o:File HRef="image2423.wmz"/>
 <o:File HRef="image2424.gif"/>
 <o:File HRef="image2425.wmz"/>
 <o:File HRef="image2426.gif"/>
 <o:File HRef="image2427.wmz"/>
 <o:File HRef="image2428.gif"/>
 <o:File HRef="image2429.wmz"/>
 <o:File HRef="image2430.gif"/>
 <o:File HRef="image2431.wmz"/>
 <o:File HRef="image2432.gif"/>
 <o:File HRef="image2433.wmz"/>
 <o:File HRef="image2434.gif"/>
 <o:File HRef="image2435.wmz"/>
 <o:File HRef="image2436.gif"/>
 <o:File HRef="image2437.wmz"/>
 <o:File HRef="image2438.gif"/>
 <o:File HRef="image2439.wmz"/>
 <o:File HRef="image2440.gif"/>
 <o:File HRef="image2441.wmz"/>
 <o:File HRef="image2442.wmz"/>
 <o:File HRef="image2443.gif"/>
 <o:File HRef="image2444.wmz"/>
 <o:File HRef="image2445.gif"/>
 <o:File HRef="image2446.wmz"/>
 <o:File HRef="image2447.gif"/>
 <o:File HRef="image2448.wmz"/>
 <o:File HRef="image2449.wmz"/>
 <o:File HRef="image2450.gif"/>
 <o:File HRef="image2451.wmz"/>
 <o:File HRef="image2452.gif"/>
 <o:File HRef="image2453.wmz"/>
 <o:File HRef="image2454.gif"/>
 <o:File HRef="image2455.wmz"/>
 <o:File HRef="image2456.gif"/>
 <o:File HRef="image2457.wmz"/>
 <o:File HRef="image2458.gif"/>
 <o:File HRef="image2459.wmz"/>
 <o:File HRef="image2460.gif"/>
 <o:File HRef="image2461.wmz"/>
 <o:File HRef="image2462.wmz"/>
 <o:File HRef="image2463.gif"/>
 <o:File HRef="image2464.wmz"/>
 <o:File HRef="image2465.gif"/>
 <o:File HRef="image2466.wmz"/>
 <o:File HRef="image2467.gif"/>
 <o:File HRef="image2468.wmz"/>
 <o:File HRef="image2469.wmz"/>
 <o:File HRef="image2470.gif"/>
 <o:File HRef="image2471.wmz"/>
 <o:File HRef="image2472.gif"/>
 <o:File HRef="image2473.wmz"/>
 <o:File HRef="image2474.gif"/>
 <o:File HRef="image2475.wmz"/>
 <o:File HRef="image2476.wmz"/>
 <o:File HRef="image2477.gif"/>
 <o:File HRef="image2478.wmz"/>
 <o:File HRef="image2479.gif"/>
 <o:File HRef="image2480.wmz"/>
 <o:File HRef="image2481.gif"/>
 <o:File HRef="image2482.wmz"/>
 <o:File HRef="image2483.wmz"/>
 <o:File HRef="image2484.gif"/>
 <o:File HRef="image2485.wmz"/>
 <o:File HRef="image2486.wmz"/>
 <o:File HRef="image2487.gif"/>
 <o:File HRef="image2488.wmz"/>
 <o:File HRef="image2489.wmz"/>
 <o:File HRef="image2490.gif"/>
 <o:File HRef="image2491.wmz"/>
 <o:File HRef="image2492.gif"/>
 <o:File HRef="image2493.wmz"/>
 <o:File HRef="image2494.gif"/>
 <o:File HRef="image2495.wmz"/>
 <o:File HRef="image2496.gif"/>
 <o:File HRef="image2497.wmz"/>
 <o:File HRef="image2498.gif"/>
 <o:File HRef="image2499.wmz"/>
 <o:File HRef="image2500.gif"/>
 <o:File HRef="image2501.wmz"/>
 <o:File HRef="image2502.wmz"/>
 <o:File HRef="image2503.gif"/>
 <o:File HRef="image2504.wmz"/>
 <o:File HRef="image2505.gif"/>
 <o:File HRef="image2506.wmz"/>
 <o:File HRef="image2507.wmz"/>
 <o:File HRef="image2508.gif"/>
 <o:File HRef="image2509.wmz"/>
 <o:File HRef="image2510.gif"/>
 <o:File HRef="image2511.wmz"/>
 <o:File HRef="image2512.gif"/>
 <o:File HRef="image2513.wmz"/>
 <o:File HRef="image2514.gif"/>
 <o:File HRef="image2515.wmz"/>
 <o:File HRef="image2516.wmz"/>
 <o:File HRef="image2517.gif"/>
 <o:File HRef="image2518.wmz"/>
 <o:File HRef="image2519.gif"/>
 <o:File HRef="image2520.wmz"/>
 <o:File HRef="image2521.gif"/>
 <o:File HRef="image2522.wmz"/>
 <o:File HRef="image2523.wmz"/>
 <o:File HRef="image2524.gif"/>
 <o:File HRef="image2525.wmz"/>
 <o:File HRef="image2526.gif"/>
 <o:File HRef="image2527.wmz"/>
 <o:File HRef="image2528.gif"/>
 <o:File HRef="image2529.wmz"/>
 <o:File HRef="image2530.gif"/>
 <o:File HRef="image2531.wmz"/>
 <o:File HRef="image2532.gif"/>
 <o:File HRef="image2533.wmz"/>
 <o:File HRef="image2534.gif"/>
 <o:File HRef="image2535.wmz"/>
 <o:File HRef="image2536.gif"/>
 <o:File HRef="image2537.wmz"/>
 <o:File HRef="image2538.gif"/>
 <o:File HRef="image2539.wmz"/>
 <o:File HRef="image2540.wmz"/>
 <o:File HRef="image2541.wmz"/>
 <o:File HRef="image2542.wmz"/>
 <o:File HRef="image2543.gif"/>
 <o:File HRef="image2544.wmz"/>
 <o:File HRef="image2545.gif"/>
 <o:File HRef="image2546.wmz"/>
 <o:File HRef="image2547.gif"/>
 <o:File HRef="image2548.gif"/>
 <o:File HRef="image2549.wmz"/>
 <o:File HRef="image2550.gif"/>
 <o:File HRef="image2551.wmz"/>
 <o:File HRef="image2552.gif"/>
 <o:File HRef="image2553.wmz"/>
 <o:File HRef="image2554.gif"/>
 <o:File HRef="image2555.wmz"/>
 <o:File HRef="image2556.gif"/>
 <o:File HRef="image2557.wmz"/>
 <o:File HRef="image2558.gif"/>
 <o:File HRef="image2559.wmz"/>
 <o:File HRef="image2560.gif"/>
 <o:File HRef="image2561.wmz"/>
 <o:File HRef="image2562.wmz"/>
 <o:File HRef="image2563.gif"/>
 <o:File HRef="image2564.wmz"/>
 <o:File HRef="image2565.gif"/>
 <o:File HRef="image2566.wmz"/>
 <o:File HRef="image2567.gif"/>
 <o:File HRef="image2568.wmz"/>
 <o:File HRef="image2569.gif"/>
 <o:File HRef="image2570.wmz"/>
 <o:File HRef="image2571.gif"/>
 <o:File HRef="image2572.wmz"/>
 <o:File HRef="image2573.gif"/>
 <o:File HRef="image2574.wmz"/>
 <o:File HRef="image2575.gif"/>
 <o:File HRef="image2576.wmz"/>
 <o:File HRef="image2577.gif"/>
 <o:File HRef="image2578.gif"/>
 <o:File HRef="image2579.wmz"/>
 <o:File HRef="image2580.gif"/>
 <o:File HRef="image2581.wmz"/>
 <o:File HRef="image2582.gif"/>
 <o:File HRef="image2583.wmz"/>
 <o:File HRef="image2584.gif"/>
 <o:File HRef="image2585.wmz"/>
 <o:File HRef="image2586.gif"/>
 <o:File HRef="image2587.wmz"/>
 <o:File HRef="image2588.gif"/>
 <o:File HRef="image2589.wmz"/>
 <o:File HRef="image2590.gif"/>
 <o:File HRef="image2591.wmz"/>
 <o:File HRef="image2592.gif"/>
 <o:File HRef="image2593.wmz"/>
 <o:File HRef="image2594.gif"/>
 <o:File HRef="image2595.wmz"/>
 <o:File HRef="image2596.wmz"/>
 <o:File HRef="image2597.wmz"/>
 <o:File HRef="image2598.gif"/>
 <o:File HRef="image2599.wmz"/>
 <o:File HRef="image2600.wmz"/>
 <o:File HRef="image2601.gif"/>
 <o:File HRef="image2602.wmz"/>
 <o:File HRef="image2603.gif"/>
 <o:File HRef="image2604.wmz"/>
 <o:File HRef="image2605.gif"/>
 <o:File HRef="image2606.wmz"/>
 <o:File HRef="image2607.gif"/>
 <o:File HRef="image2608.wmz"/>
 <o:File HRef="image2609.gif"/>
 <o:File HRef="image2610.wmz"/>
 <o:File HRef="image2611.gif"/>
 <o:File HRef="image2612.wmz"/>
 <o:File HRef="image2613.gif"/>
 <o:File HRef="image2614.wmz"/>
 <o:File HRef="image2615.gif"/>
 <o:File HRef="image2616.wmz"/>
 <o:File HRef="image2617.gif"/>
 <o:File HRef="image2618.wmz"/>
 <o:File HRef="image2619.gif"/>
 <o:File HRef="image2620.wmz"/>
 <o:File HRef="image2621.gif"/>
 <o:File HRef="image2622.wmz"/>
 <o:File HRef="image2623.gif"/>
 <o:File HRef="image2624.gif"/>
 <o:File HRef="image2625.wmz"/>
 <o:File HRef="image2626.wmz"/>
 <o:File HRef="image2627.wmz"/>
 <o:File HRef="image2628.wmz"/>
 <o:File HRef="image2629.wmz"/>
 <o:File HRef="image2630.gif"/>
 <o:File HRef="image2631.wmz"/>
 <o:File HRef="image2632.gif"/>
 <o:File HRef="image2633.wmz"/>
 <o:File HRef="image2634.gif"/>
 <o:File HRef="image2635.wmz"/>
 <o:File HRef="image2636.wmz"/>
 <o:File HRef="image2637.wmz"/>
 <o:File HRef="image2638.gif"/>
 <o:File HRef="image2639.wmz"/>
 <o:File HRef="image2640.wmz"/>
 <o:File HRef="image2641.wmz"/>
 <o:File HRef="image2642.gif"/>
 <o:File HRef="image2643.wmz"/>
 <o:File HRef="image2644.gif"/>
 <o:File HRef="image2645.wmz"/>
 <o:File HRef="image2646.gif"/>
 <o:File HRef="image2647.wmz"/>
 <o:File HRef="image2648.wmz"/>
 <o:File HRef="image2649.wmz"/>
 <o:File HRef="image2650.gif"/>
 <o:File HRef="image2651.wmz"/>
 <o:File HRef="image2652.gif"/>
 <o:File HRef="image2653.wmz"/>
 <o:File HRef="image2654.gif"/>
 <o:File HRef="image2655.wmz"/>
 <o:File HRef="image2656.wmz"/>
 <o:File HRef="image2657.gif"/>
 <o:File HRef="image2658.wmz"/>
 <o:File HRef="image2659.gif"/>
 <o:File HRef="image2660.wmz"/>
 <o:File HRef="image2661.wmz"/>
 <o:File HRef="image2662.wmz"/>
 <o:File HRef="image2663.wmz"/>
 <o:File HRef="image2664.gif"/>
 <o:File HRef="image2665.wmz"/>
 <o:File HRef="image2666.gif"/>
 <o:File HRef="image2667.wmz"/>
 <o:File HRef="image2668.gif"/>
 <o:File HRef="image2669.wmz"/>
 <o:File HRef="image2670.gif"/>
 <o:File HRef="image2671.wmz"/>
 <o:File HRef="image2672.wmz"/>
 <o:File HRef="image2673.wmz"/>
 <o:File HRef="image2674.gif"/>
 <o:File HRef="image2675.gif"/>
 <o:File HRef="image2676.wmz"/>
 <o:File HRef="image2677.gif"/>
 <o:File HRef="image2678.wmz"/>
 <o:File HRef="image2679.gif"/>
 <o:File HRef="image2680.gif"/>
 <o:File HRef="image2681.wmz"/>
 <o:File HRef="image2682.wmz"/>
 <o:File HRef="image2683.gif"/>
 <o:File HRef="image2684.wmz"/>
 <o:File HRef="image2685.gif"/>
 <o:File HRef="image2686.wmz"/>
 <o:File HRef="image2687.gif"/>
 <o:File HRef="image2688.wmz"/>
 <o:File HRef="image2689.gif"/>
 <o:File HRef="image2690.wmz"/>
 <o:File HRef="image2691.gif"/>
 <o:File HRef="image2692.wmz"/>
 <o:File HRef="image2693.gif"/>
 <o:File HRef="image2694.wmz"/>
 <o:File HRef="image2695.gif"/>
 <o:File HRef="image2696.wmz"/>
 <o:File HRef="image2697.gif"/>
 <o:File HRef="image2698.wmz"/>
 <o:File HRef="image2699.gif"/>
 <o:File HRef="image2700.wmz"/>
 <o:File HRef="image2701.wmz"/>
 <o:File HRef="image2702.wmz"/>
 <o:File HRef="image2703.wmz"/>
 <o:File HRef="image2704.gif"/>
 <o:File HRef="image2705.wmz"/>
 <o:File HRef="image2706.wmz"/>
 <o:File HRef="image2707.gif"/>
 <o:File HRef="image2708.wmz"/>
 <o:File HRef="image2709.gif"/>
 <o:File HRef="image2710.wmz"/>
 <o:File HRef="image2711.gif"/>
 <o:File HRef="image2712.wmz"/>
 <o:File HRef="image2713.gif"/>
 <o:File HRef="image2714.wmz"/>
 <o:File HRef="image2715.gif"/>
 <o:File HRef="image2716.wmz"/>
 <o:File HRef="image2717.gif"/>
 <o:File HRef="image2718.wmz"/>
 <o:File HRef="image2719.wmz"/>
 <o:File HRef="image2720.wmz"/>
 <o:File HRef="image2721.wmz"/>
 <o:File HRef="image2722.gif"/>
 <o:File HRef="image2723.wmz"/>
 <o:File HRef="image2724.wmz"/>
 <o:File HRef="image2725.wmz"/>
 <o:File HRef="image2726.wmz"/>
 <o:File HRef="image2727.gif"/>
 <o:File HRef="image2728.wmz"/>
 <o:File HRef="image2729.gif"/>
 <o:File HRef="image2730.wmz"/>
 <o:File HRef="image2731.gif"/>
 <o:File HRef="image2732.wmz"/>
 <o:File HRef="image2733.wmz"/>
 <o:File HRef="image2734.gif"/>
 <o:File HRef="image2735.wmz"/>
 <o:File HRef="image2736.gif"/>
 <o:File HRef="image2737.wmz"/>
 <o:File HRef="image2738.gif"/>
 <o:File HRef="image2739.wmz"/>
 <o:File HRef="image2740.gif"/>
 <o:File HRef="image2741.wmz"/>
 <o:File HRef="image2742.gif"/>
 <o:File HRef="image2743.wmz"/>
 <o:File HRef="image2744.gif"/>
 <o:File HRef="image2745.wmz"/>
 <o:File HRef="image2746.gif"/>
 <o:File HRef="image2747.wmz"/>
 <o:File HRef="image2748.wmz"/>
 <o:File HRef="image2749.wmz"/>
 <o:File HRef="image2750.gif"/>
 <o:File HRef="image2751.wmz"/>
 <o:File HRef="image2752.wmz"/>
 <o:File HRef="image2753.gif"/>
 <o:File HRef="image2754.wmz"/>
 <o:File HRef="image2755.gif"/>
 <o:File HRef="image2756.wmz"/>
 <o:File HRef="image2757.gif"/>
 <o:File HRef="image2758.wmz"/>
 <o:File HRef="image2759.wmz"/>
 <o:File HRef="image2760.wmz"/>
 <o:File HRef="image2761.gif"/>
 <o:File HRef="image2762.wmz"/>
 <o:File HRef="image2763.gif"/>
 <o:File HRef="image2764.wmz"/>
 <o:File HRef="image2765.gif"/>
 <o:File HRef="image2766.wmz"/>
 <o:File HRef="image2767.wmz"/>
 <o:File HRef="image2768.wmz"/>
 <o:File HRef="image2769.wmz"/>
 <o:File HRef="image2770.wmz"/>
 <o:File HRef="image2771.wmz"/>
 <o:File HRef="image2772.wmz"/>
 <o:File HRef="image2773.gif"/>
 <o:File HRef="image2774.wmz"/>
 <o:File HRef="image2775.gif"/>
 <o:File HRef="image2776.wmz"/>
 <o:File HRef="image2777.gif"/>
 <o:File HRef="image2778.gif"/>
 <o:File HRef="image2779.wmz"/>
 <o:File HRef="image2780.gif"/>
 <o:File HRef="image2781.wmz"/>
 <o:File HRef="image2782.gif"/>
 <o:File HRef="image2783.wmz"/>
 <o:File HRef="image2784.wmz"/>
 <o:File HRef="image2785.wmz"/>
 <o:File HRef="image2786.gif"/>
 <o:File HRef="image2787.wmz"/>
 <o:File HRef="image2788.wmz"/>
 <o:File HRef="image2789.gif"/>
 <o:File HRef="image2790.wmz"/>
 <o:File HRef="image2791.gif"/>
 <o:File HRef="image2792.wmz"/>
 <o:File HRef="image2793.gif"/>
 <o:File HRef="image2794.wmz"/>
 <o:File HRef="image2795.gif"/>
 <o:File HRef="image2796.wmz"/>
 <o:File HRef="image2797.gif"/>
 <o:File HRef="image2798.wmz"/>
 <o:File HRef="image2799.gif"/>
 <o:File HRef="image2800.wmz"/>
 <o:File HRef="image2801.wmz"/>
 <o:File HRef="image2802.gif"/>
 <o:File HRef="image2803.wmz"/>
 <o:File HRef="image2804.wmz"/>
 <o:File HRef="image2805.gif"/>
 <o:File HRef="image2806.wmz"/>
 <o:File HRef="image2807.gif"/>
 <o:File HRef="image2808.wmz"/>
 <o:File HRef="image2809.wmz"/>
 <o:File HRef="image2810.gif"/>
 <o:File HRef="image2811.wmz"/>
 <o:File HRef="image2812.gif"/>
 <o:File HRef="image2813.wmz"/>
 <o:File HRef="image2814.wmz"/>
 <o:File HRef="image2815.wmz"/>
 <o:File HRef="image2816.wmz"/>
 <o:File HRef="image2817.gif"/>
 <o:File HRef="image2818.wmz"/>
 <o:File HRef="image2819.gif"/>
 <o:File HRef="image2820.wmz"/>
 <o:File HRef="image2821.gif"/>
 <o:File HRef="image2822.wmz"/>
 <o:File HRef="image2823.gif"/>
 <o:File HRef="image2824.wmz"/>
 <o:File HRef="image2825.gif"/>
 <o:File HRef="image2826.wmz"/>
 <o:File HRef="image2827.gif"/>
 <o:File HRef="image2828.wmz"/>
 <o:File HRef="image2829.gif"/>
 <o:File HRef="image2830.wmz"/>
 <o:File HRef="image2831.gif"/>
 <o:File HRef="image2832.gif"/>
 <o:File HRef="image2833.wmz"/>
 <o:File HRef="image2834.gif"/>
 <o:File HRef="image2835.wmz"/>
 <o:File HRef="image2836.gif"/>
 <o:File HRef="image2837.wmz"/>
 <o:File HRef="image2838.wmz"/>
 <o:File HRef="image2839.gif"/>
 <o:File HRef="image2840.wmz"/>
 <o:File HRef="image2841.gif"/>
 <o:File HRef="image2842.wmz"/>
 <o:File HRef="image2843.gif"/>
 <o:File HRef="image2844.wmz"/>
 <o:File HRef="image2845.gif"/>
 <o:File HRef="image2846.gif"/>
 <o:File HRef="image2847.gif"/>
 <o:File HRef="image2848.wmz"/>
 <o:File HRef="image2849.wmz"/>
 <o:File HRef="image2850.gif"/>
 <o:File HRef="image2851.wmz"/>
 <o:File HRef="image2852.gif"/>
 <o:File HRef="image2853.wmz"/>
 <o:File HRef="image2854.gif"/>
 <o:File HRef="image2855.wmz"/>
 <o:File HRef="image2856.wmz"/>
 <o:File HRef="image2857.wmz"/>
 <o:File HRef="image2858.wmz"/>
 <o:File HRef="image2859.gif"/>
 <o:File HRef="image2860.wmz"/>
 <o:File HRef="image2861.wmz"/>
 <o:File HRef="image2862.gif"/>
 <o:File HRef="image2863.wmz"/>
 <o:File HRef="image2864.gif"/>
 <o:File HRef="image2865.wmz"/>
 <o:File HRef="image2866.gif"/>
 <o:File HRef="image2867.wmz"/>
 <o:File HRef="image2868.wmz"/>
 <o:File HRef="image2869.gif"/>
 <o:File HRef="image2870.wmz"/>
 <o:File HRef="image2871.gif"/>
 <o:File HRef="image2872.wmz"/>
 <o:File HRef="image2873.gif"/>
 <o:File HRef="image2874.wmz"/>
 <o:File HRef="image2875.gif"/>
 <o:File HRef="image2876.wmz"/>
 <o:File HRef="image2877.gif"/>
 <o:File HRef="image2878.wmz"/>
 <o:File HRef="image2879.gif"/>
 <o:File HRef="image2880.wmz"/>
 <o:File HRef="image2881.gif"/>
 <o:File HRef="image2882.wmz"/>
 <o:File HRef="image2883.gif"/>
 <o:File HRef="image2884.wmz"/>
 <o:File HRef="image2885.wmz"/>
 <o:File HRef="image2886.gif"/>
 <o:File HRef="image2887.wmz"/>
 <o:File HRef="image2888.gif"/>
 <o:File HRef="image2889.wmz"/>
 <o:File HRef="image2890.gif"/>
 <o:File HRef="image2891.wmz"/>
 <o:File HRef="image2892.gif"/>
 <o:File HRef="image2893.wmz"/>
 <o:File HRef="image2894.gif"/>
 <o:File HRef="image2895.wmz"/>
 <o:File HRef="image2896.wmz"/>
 <o:File HRef="image2897.wmz"/>
 <o:File HRef="image2898.wmz"/>
 <o:File HRef="image2899.wmz"/>
 <o:File HRef="image2900.gif"/>
 <o:File HRef="image2901.wmz"/>
 <o:File HRef="image2902.gif"/>
 <o:File HRef="image2903.wmz"/>
 <o:File HRef="image2904.gif"/>
 <o:File HRef="image2905.gif"/>
 <o:File HRef="image2906.gif"/>
 <o:File HRef="image2907.wmz"/>
 <o:File HRef="image2908.wmz"/>
 <o:File HRef="image2909.gif"/>
 <o:File HRef="image2910.wmz"/>
 <o:File HRef="image2911.wmz"/>
 <o:File HRef="image2912.gif"/>
 <o:File HRef="image2913.wmz"/>
 <o:File HRef="image2914.wmz"/>
 <o:File HRef="image2915.gif"/>
 <o:File HRef="image2916.wmz"/>
 <o:File HRef="image2917.wmz"/>
 <o:File HRef="image2918.wmz"/>
 <o:File HRef="image2919.gif"/>
 <o:File HRef="image2920.wmz"/>
 <o:File HRef="image2921.gif"/>
 <o:File HRef="image2922.wmz"/>
 <o:File HRef="image2923.gif"/>
 <o:File HRef="image2924.wmz"/>
 <o:File HRef="image2925.wmz"/>
 <o:File HRef="image2926.gif"/>
 <o:File HRef="image2927.wmz"/>
 <o:File HRef="image2928.gif"/>
 <o:File HRef="image2929.wmz"/>
 <o:File HRef="image2930.gif"/>
 <o:File HRef="image2931.wmz"/>
 <o:File HRef="image2932.gif"/>
 <o:File HRef="image2933.wmz"/>
 <o:File HRef="image2934.gif"/>
 <o:File HRef="image2935.wmz"/>
 <o:File HRef="image2936.gif"/>
 <o:File HRef="image2937.wmz"/>
 <o:File HRef="image2938.gif"/>
 <o:File HRef="image2939.wmz"/>
 <o:File HRef="image2940.gif"/>
 <o:File HRef="image2941.wmz"/>
 <o:File HRef="image2942.gif"/>
 <o:File HRef="image2943.wmz"/>
 <o:File HRef="image2944.gif"/>
 <o:File HRef="image2945.wmz"/>
 <o:File HRef="image2946.gif"/>
 <o:File HRef="image2947.wmz"/>
 <o:File HRef="image2948.gif"/>
 <o:File HRef="image2949.wmz"/>
 <o:File HRef="image2950.gif"/>
 <o:File HRef="image2951.wmz"/>
 <o:File HRef="image2952.gif"/>
 <o:File HRef="image2953.wmz"/>
 <o:File HRef="image2954.gif"/>
 <o:File HRef="image2955.wmz"/>
 <o:File HRef="image2956.gif"/>
 <o:File HRef="image2957.wmz"/>
 <o:File HRef="image2958.gif"/>
 <o:File HRef="image2959.wmz"/>
 <o:File HRef="image2960.wmz"/>
 <o:File HRef="image2961.gif"/>
 <o:File HRef="image2962.wmz"/>
 <o:File HRef="image2963.gif"/>
 <o:File HRef="image2964.wmz"/>
 <o:File HRef="image2965.gif"/>
 <o:File HRef="image2966.wmz"/>
 <o:File HRef="image2967.wmz"/>
 <o:File HRef="image2968.gif"/>
 <o:File HRef="image2969.wmz"/>
 <o:File HRef="image2970.gif"/>
 <o:File HRef="image2971.wmz"/>
 <o:File HRef="image2972.gif"/>
 <o:File HRef="image2973.wmz"/>
 <o:File HRef="image2974.gif"/>
 <o:File HRef="image2975.wmz"/>
 <o:File HRef="image2976.gif"/>
 <o:File HRef="image2977.wmz"/>
 <o:File HRef="image2978.gif"/>
 <o:File HRef="image2979.wmz"/>
 <o:File HRef="image2980.gif"/>
 <o:File HRef="image2981.wmz"/>
 <o:File HRef="image2982.gif"/>
 <o:File HRef="image2983.wmz"/>
 <o:File HRef="image2984.gif"/>
 <o:File HRef="image2985.wmz"/>
 <o:File HRef="image2986.gif"/>
 <o:File HRef="image2987.wmz"/>
 <o:File HRef="image2988.gif"/>
 <o:File HRef="image2989.wmz"/>
 <o:File HRef="image2990.wmz"/>
 <o:File HRef="image2991.gif"/>
 <o:File HRef="image2992.wmz"/>
 <o:File HRef="image2993.gif"/>
 <o:File HRef="image2994.wmz"/>
 <o:File HRef="image2995.wmz"/>
 <o:File HRef="image2996.wmz"/>
 <o:File HRef="image2997.gif"/>
 <o:File HRef="image2998.wmz"/>
 <o:File HRef="image2999.gif"/>
 <o:File HRef="image3000.wmz"/>
 <o:File HRef="image3001.gif"/>
 <o:File HRef="image3002.wmz"/>
 <o:File HRef="image3003.gif"/>
 <o:File HRef="image3004.wmz"/>
 <o:File HRef="image3005.gif"/>
 <o:File HRef="image3006.wmz"/>
 <o:File HRef="image3007.gif"/>
 <o:File HRef="image3008.wmz"/>
 <o:File HRef="image3009.gif"/>
 <o:File HRef="image3010.gif"/>
 <o:File HRef="image3011.gif"/>
 <o:File HRef="image3012.wmz"/>
 <o:File HRef="image3013.gif"/>
 <o:File HRef="image3014.wmz"/>
 <o:File HRef="image3015.gif"/>
 <o:File HRef="image3016.wmz"/>
 <o:File HRef="image3017.gif"/>
 <o:File HRef="image3018.wmz"/>
 <o:File HRef="image3019.gif"/>
 <o:File HRef="image3020.wmz"/>
 <o:File HRef="image3021.gif"/>
 <o:File HRef="image3022.wmz"/>
 <o:File HRef="image3023.gif"/>
 <o:File HRef="image3024.wmz"/>
 <o:File HRef="image3025.gif"/>
 <o:File HRef="image3026.wmz"/>
 <o:File HRef="image3027.gif"/>
 <o:File HRef="image3028.wmz"/>
 <o:File HRef="image3029.gif"/>
 <o:File HRef="image3030.wmz"/>
 <o:File HRef="image3031.wmz"/>
 <o:File HRef="image3032.wmz"/>
 <o:File HRef="image3033.gif"/>
 <o:File HRef="image3034.gif"/>
 <o:File HRef="image3035.wmz"/>
 <o:File HRef="image3036.gif"/>
 <o:File HRef="image3037.wmz"/>
 <o:File HRef="image3038.gif"/>
 <o:File HRef="image3039.wmz"/>
 <o:File HRef="image3040.gif"/>
 <o:File HRef="image3041.wmz"/>
 <o:File HRef="image3042.gif"/>
 <o:File HRef="image3043.wmz"/>
 <o:File HRef="image3044.wmz"/>
 <o:File HRef="image3045.gif"/>
 <o:File HRef="image3046.wmz"/>
 <o:File HRef="image3047.gif"/>
 <o:File HRef="image3048.wmz"/>
 <o:File HRef="image3049.wmz"/>
 <o:File HRef="image3050.wmz"/>
 <o:File HRef="image3051.gif"/>
 <o:File HRef="header.htm"/>
 <o:File HRef="filelist.xml"/>
</xml>